Branch Path,Variable,Scenario,Region,input_source,source_type,source_name,source_scope,source_date,default_version,researcher_review_recommended,review_reason
Demand\Freight road,Reconciliation Bound Lower,Reference,Indonesia,provided,apec_reconciliation_factors,apec_reconciliation_factors.csv,freight,2026,v2026_05_25_best_guess,False,
Demand\Freight road,Reconciliation Bound Upper,Reference,Indonesia,provided,apec_reconciliation_factors,apec_reconciliation_factors.csv,freight,2026,v2026_05_25_best_guess,False,
Demand\Freight road,Reconciliation Weight,Reference,Indonesia,provided,apec_reconciliation_factors,apec_reconciliation_factors.csv,freight,2026,v2026_05_25_best_guess,False,
Demand\Freight road\Age 0,Survival Rate,Reference,Indonesia,default,default_best_guess,APERC placeholder road defaults,all_apec_economies_until_researcher_update,2026-05-25,v2026_05_25_best_guess,True,Placeholder default. Replace with economy-specific researcher data when available.
Demand\Freight road\Age 0,Vintage Profile Share,Reference,Indonesia,default,default_best_guess,APERC placeholder road defaults,all_apec_economies_until_researcher_update,2026-05-25,v2026_05_25_best_guess,True,Placeholder default. Replace with economy-specific researcher data when available.
Demand\Freight road\Age 1,Survival Rate,Reference,Indonesia,default,default_best_guess,APERC placeholder road defaults,all_apec_economies_until_researcher_update,2026-05-25,v2026_05_25_best_guess,True,Placeholder default. Replace with economy-specific researcher data when available.
Demand\Freight road\Age 1,Vintage Profile Share,Reference,Indonesia,default,default_best_guess,APERC placeholder road defaults,all_apec_economies_until_researcher_update,2026-05-25,v2026_05_25_best_guess,True,Placeholder default. Replace with economy-specific researcher data when available.
Demand\Freight road\Age 10,Survival Rate,Reference,Indonesia,default,default_best_guess,APERC placeholder road defaults,all_apec_economies_until_researcher_update,2026-05-25,v2026_05_25_best_guess,True,Placeholder default. Replace with economy-specific researcher data when available.
Demand\Freight road\Age 10,Vintage Profile Share,Reference,Indonesia,default,default_best_guess,APERC placeholder road defaults,all_apec_economies_until_researcher_update,2026-05-25,v2026_05_25_best_guess,True,Placeholder default. Replace with economy-specific researcher data when available.
Demand\Freight road\Age 11,Survival Rate,Reference,Indonesia,default,default_best_guess,APERC placeholder road defaults,all_apec_economies_until_researcher_update,2026-05-25,v2026_05_25_best_guess,True,Placeholder default. Replace with economy-specific researcher data when available.
Demand\Freight road\Age 11,Vintage Profile Share,Reference,Indonesia,default,default_best_guess,APERC placeholder road defaults,all_apec_economies_until_researcher_update,2026-05-25,v2026_05_25_best_guess,True,Placeholder default. Replace with economy-specific researcher data when available.
Demand\Freight road\Age 12,Survival Rate,Reference,Indonesia,default,default_best_guess,APERC placeholder road defaults,all_apec_economies_until_researcher_update,2026-05-25,v2026_05_25_best_guess,True,Placeholder default. Replace with economy-specific researcher data when available.
Demand\Freight road\Age 12,Vintage Profile Share,Reference,Indonesia,default,default_best_guess,APERC placeholder road defaults,all_apec_economies_until_researcher_update,2026-05-25,v2026_05_25_best_guess,True,Placeholder default. Replace with economy-specific researcher data when available.
Demand\Freight road\Age 13,Survival Rate,Reference,Indonesia,default,default_best_guess,APERC placeholder road defaults,all_apec_economies_until_researcher_update,2026-05-25,v2026_05_25_best_guess,True,Placeholder default. Replace with economy-specific researcher data when available.
Demand\Freight road\Age 13,Vintage Profile Share,Reference,Indonesia,default,default_best_guess,APERC placeholder road defaults,all_apec_economies_until_researcher_update,2026-05-25,v2026_05_25_best_guess,True,Placeholder default. Replace with economy-specific researcher data when available.
Demand\Freight road\Age 14,Survival Rate,Reference,Indonesia,default,default_best_guess,APERC placeholder road defaults,all_apec_economies_until_researcher_update,2026-05-25,v2026_05_25_best_guess,True,Placeholder default. Replace with economy-specific researcher data when available.
Demand\Freight road\Age 14,Vintage Profile Share,Reference,Indonesia,default,default_best_guess,APERC placeholder road defaults,all_apec_economies_until_researcher_update,2026-05-25,v2026_05_25_best_guess,True,Placeholder default. Replace with economy-specific researcher data when available.
Demand\Freight road\Age 15,Survival Rate,Reference,Indonesia,default,default_best_guess,APERC placeholder road defaults,all_apec_economies_until_researcher_update,2026-05-25,v2026_05_25_best_guess,True,Placeholder default. Replace with economy-specific researcher data when available.
Demand\Freight road\Age 15,Vintage Profile Share,Reference,Indonesia,default,default_best_guess,APERC placeholder road defaults,all_apec_economies_until_researcher_update,2026-05-25,v2026_05_25_best_guess,True,Placeholder default. Replace with economy-specific researcher data when available.
Demand\Freight road\Age 16,Survival Rate,Reference,Indonesia,default,default_best_guess,APERC placeholder road defaults,all_apec_economies_until_researcher_update,2026-05-25,v2026_05_25_best_guess,True,Placeholder default. Replace with economy-specific researcher data when available.
Demand\Freight road\Age 16,Vintage Profile Share,Reference,Indonesia,default,default_best_guess,APERC placeholder road defaults,all_apec_economies_until_researcher_update,2026-05-25,v2026_05_25_best_guess,True,Placeholder default. Replace with economy-specific researcher data when available.
Demand\Freight road\Age 17,Survival Rate,Reference,Indonesia,default,default_best_guess,APERC placeholder road defaults,all_apec_economies_until_researcher_update,2026-05-25,v2026_05_25_best_guess,True,Placeholder default. Replace with economy-specific researcher data when available.
Demand\Freight road\Age 17,Vintage Profile Share,Reference,Indonesia,default,default_best_guess,APERC placeholder road defaults,all_apec_economies_until_researcher_update,2026-05-25,v2026_05_25_best_guess,True,Placeholder default. Replace with economy-specific researcher data when available.
Demand\Freight road\Age 18,Survival Rate,Reference,Indonesia,default,default_best_guess,APERC placeholder road defaults,all_apec_economies_until_researcher_update,2026-05-25,v2026_05_25_best_guess,True,Placeholder default. Replace with economy-specific researcher data when available.
Demand\Freight road\Age 18,Vintage Profile Share,Reference,Indonesia,default,default_best_guess,APERC placeholder road defaults,all_apec_economies_until_researcher_update,2026-05-25,v2026_05_25_best_guess,True,Placeholder default. Replace with economy-specific researcher data when available.
Demand\Freight road\Age 19,Survival Rate,Reference,Indonesia,default,default_best_guess,APERC placeholder road defaults,all_apec_economies_until_researcher_update,2026-05-25,v2026_05_25_best_guess,True,Placeholder default. Replace with economy-specific researcher data when available.
Demand\Freight road\Age 19,Vintage Profile Share,Reference,Indonesia,default,default_best_guess,APERC placeholder road defaults,all_apec_economies_until_researcher_update,2026-05-25,v2026_05_25_best_guess,True,Placeholder default. Replace with economy-specific researcher data when available.
Demand\Freight road\Age 2,Survival Rate,Reference,Indonesia,default,default_best_guess,APERC placeholder road defaults,all_apec_economies_until_researcher_update,2026-05-25,v2026_05_25_best_guess,True,Placeholder default. Replace with economy-specific researcher data when available.
Demand\Freight road\Age 2,Vintage Profile Share,Reference,Indonesia,default,default_best_guess,APERC placeholder road defaults,all_apec_economies_until_researcher_update,2026-05-25,v2026_05_25_best_guess,True,Placeholder default. Replace with economy-specific researcher data when available.
Demand\Freight road\Age 20,Survival Rate,Reference,Indonesia,default,default_best_guess,APERC placeholder road defaults,all_apec_economies_until_researcher_update,2026-05-25,v2026_05_25_best_guess,True,Placeholder default. Replace with economy-specific researcher data when available.
Demand\Freight road\Age 20,Vintage Profile Share,Reference,Indonesia,default,default_best_guess,APERC placeholder road defaults,all_apec_economies_until_researcher_update,2026-05-25,v2026_05_25_best_guess,True,Placeholder default. Replace with economy-specific researcher data when available.
Demand\Freight road\Age 21,Survival Rate,Reference,Indonesia,default,default_best_guess,APERC placeholder road defaults,all_apec_economies_until_researcher_update,2026-05-25,v2026_05_25_best_guess,True,Placeholder default. Replace with economy-specific researcher data when available.
Demand\Freight road\Age 21,Vintage Profile Share,Reference,Indonesia,default,default_best_guess,APERC placeholder road defaults,all_apec_economies_until_researcher_update,2026-05-25,v2026_05_25_best_guess,True,Placeholder default. Replace with economy-specific researcher data when available.
Demand\Freight road\Age 22,Survival Rate,Reference,Indonesia,default,default_best_guess,APERC placeholder road defaults,all_apec_economies_until_researcher_update,2026-05-25,v2026_05_25_best_guess,True,Placeholder default. Replace with economy-specific researcher data when available.
Demand\Freight road\Age 22,Vintage Profile Share,Reference,Indonesia,default,default_best_guess,APERC placeholder road defaults,all_apec_economies_until_researcher_update,2026-05-25,v2026_05_25_best_guess,True,Placeholder default. Replace with economy-specific researcher data when available.
Demand\Freight road\Age 23,Survival Rate,Reference,Indonesia,default,default_best_guess,APERC placeholder road defaults,all_apec_economies_until_researcher_update,2026-05-25,v2026_05_25_best_guess,True,Placeholder default. Replace with economy-specific researcher data when available.
Demand\Freight road\Age 23,Vintage Profile Share,Reference,Indonesia,default,default_best_guess,APERC placeholder road defaults,all_apec_economies_until_researcher_update,2026-05-25,v2026_05_25_best_guess,True,Placeholder default. Replace with economy-specific researcher data when available.
Demand\Freight road\Age 24,Survival Rate,Reference,Indonesia,default,default_best_guess,APERC placeholder road defaults,all_apec_economies_until_researcher_update,2026-05-25,v2026_05_25_best_guess,True,Placeholder default. Replace with economy-specific researcher data when available.
Demand\Freight road\Age 24,Vintage Profile Share,Reference,Indonesia,default,default_best_guess,APERC placeholder road defaults,all_apec_economies_until_researcher_update,2026-05-25,v2026_05_25_best_guess,True,Placeholder default. Replace with economy-specific researcher data when available.
Demand\Freight road\Age 25,Survival Rate,Reference,Indonesia,default,default_best_guess,APERC placeholder road defaults,all_apec_economies_until_researcher_update,2026-05-25,v2026_05_25_best_guess,True,Placeholder default. Replace with economy-specific researcher data when available.
Demand\Freight road\Age 25,Vintage Profile Share,Reference,Indonesia,default,default_best_guess,APERC placeholder road defaults,all_apec_economies_until_researcher_update,2026-05-25,v2026_05_25_best_guess,True,Placeholder default. Replace with economy-specific researcher data when available.
Demand\Freight road\Age 26,Survival Rate,Reference,Indonesia,default,default_best_guess,APERC placeholder road defaults,all_apec_economies_until_researcher_update,2026-05-25,v2026_05_25_best_guess,True,Placeholder default. Replace with economy-specific researcher data when available.
Demand\Freight road\Age 26,Vintage Profile Share,Reference,Indonesia,default,default_best_guess,APERC placeholder road defaults,all_apec_economies_until_researcher_update,2026-05-25,v2026_05_25_best_guess,True,Placeholder default. Replace with economy-specific researcher data when available.
Demand\Freight road\Age 27,Survival Rate,Reference,Indonesia,default,default_best_guess,APERC placeholder road defaults,all_apec_economies_until_researcher_update,2026-05-25,v2026_05_25_best_guess,True,Placeholder default. Replace with economy-specific researcher data when available.
Demand\Freight road\Age 27,Vintage Profile Share,Reference,Indonesia,default,default_best_guess,APERC placeholder road defaults,all_apec_economies_until_researcher_update,2026-05-25,v2026_05_25_best_guess,True,Placeholder default. Replace with economy-specific researcher data when available.
Demand\Freight road\Age 28,Survival Rate,Reference,Indonesia,default,default_best_guess,APERC placeholder road defaults,all_apec_economies_until_researcher_update,2026-05-25,v2026_05_25_best_guess,True,Placeholder default. Replace with economy-specific researcher data when available.
Demand\Freight road\Age 28,Vintage Profile Share,Reference,Indonesia,default,default_best_guess,APERC placeholder road defaults,all_apec_economies_until_researcher_update,2026-05-25,v2026_05_25_best_guess,True,Placeholder default. Replace with economy-specific researcher data when available.
Demand\Freight road\Age 29,Survival Rate,Reference,Indonesia,default,default_best_guess,APERC placeholder road defaults,all_apec_economies_until_researcher_update,2026-05-25,v2026_05_25_best_guess,True,Placeholder default. Replace with economy-specific researcher data when available.
Demand\Freight road\Age 29,Vintage Profile Share,Reference,Indonesia,default,default_best_guess,APERC placeholder road defaults,all_apec_economies_until_researcher_update,2026-05-25,v2026_05_25_best_guess,True,Placeholder default. Replace with economy-specific researcher data when available.
Demand\Freight road\Age 3,Survival Rate,Reference,Indonesia,default,default_best_guess,APERC placeholder road defaults,all_apec_economies_until_researcher_update,2026-05-25,v2026_05_25_best_guess,True,Placeholder default. Replace with economy-specific researcher data when available.
Demand\Freight road\Age 3,Vintage Profile Share,Reference,Indonesia,default,default_best_guess,APERC placeholder road defaults,all_apec_economies_until_researcher_update,2026-05-25,v2026_05_25_best_guess,True,Placeholder default. Replace with economy-specific researcher data when available.
Demand\Freight road\Age 30,Survival Rate,Reference,Indonesia,default,default_best_guess,APERC placeholder road defaults,all_apec_economies_until_researcher_update,2026-05-25,v2026_05_25_best_guess,True,Placeholder default. Replace with economy-specific researcher data when available.
Demand\Freight road\Age 30,Vintage Profile Share,Reference,Indonesia,default,default_best_guess,APERC placeholder road defaults,all_apec_economies_until_researcher_update,2026-05-25,v2026_05_25_best_guess,True,Placeholder default. Replace with economy-specific researcher data when available.
Demand\Freight road\Age 4,Survival Rate,Reference,Indonesia,default,default_best_guess,APERC placeholder road defaults,all_apec_economies_until_researcher_update,2026-05-25,v2026_05_25_best_guess,True,Placeholder default. Replace with economy-specific researcher data when available.
Demand\Freight road\Age 4,Vintage Profile Share,Reference,Indonesia,default,default_best_guess,APERC placeholder road defaults,all_apec_economies_until_researcher_update,2026-05-25,v2026_05_25_best_guess,True,Placeholder default. Replace with economy-specific researcher data when available.
Demand\Freight road\Age 5,Survival Rate,Reference,Indonesia,default,default_best_guess,APERC placeholder road defaults,all_apec_economies_until_researcher_update,2026-05-25,v2026_05_25_best_guess,True,Placeholder default. Replace with economy-specific researcher data when available.
Demand\Freight road\Age 5,Vintage Profile Share,Reference,Indonesia,default,default_best_guess,APERC placeholder road defaults,all_apec_economies_until_researcher_update,2026-05-25,v2026_05_25_best_guess,True,Placeholder default. Replace with economy-specific researcher data when available.
Demand\Freight road\Age 6,Survival Rate,Reference,Indonesia,default,default_best_guess,APERC placeholder road defaults,all_apec_economies_until_researcher_update,2026-05-25,v2026_05_25_best_guess,True,Placeholder default. Replace with economy-specific researcher data when available.
Demand\Freight road\Age 6,Vintage Profile Share,Reference,Indonesia,default,default_best_guess,APERC placeholder road defaults,all_apec_economies_until_researcher_update,2026-05-25,v2026_05_25_best_guess,True,Placeholder default. Replace with economy-specific researcher data when available.
Demand\Freight road\Age 7,Survival Rate,Reference,Indonesia,default,default_best_guess,APERC placeholder road defaults,all_apec_economies_until_researcher_update,2026-05-25,v2026_05_25_best_guess,True,Placeholder default. Replace with economy-specific researcher data when available.
Demand\Freight road\Age 7,Vintage Profile Share,Reference,Indonesia,default,default_best_guess,APERC placeholder road defaults,all_apec_economies_until_researcher_update,2026-05-25,v2026_05_25_best_guess,True,Placeholder default. Replace with economy-specific researcher data when available.
Demand\Freight road\Age 8,Survival Rate,Reference,Indonesia,default,default_best_guess,APERC placeholder road defaults,all_apec_economies_until_researcher_update,2026-05-25,v2026_05_25_best_guess,True,Placeholder default. Replace with economy-specific researcher data when available.
Demand\Freight road\Age 8,Vintage Profile Share,Reference,Indonesia,default,default_best_guess,APERC placeholder road defaults,all_apec_economies_until_researcher_update,2026-05-25,v2026_05_25_best_guess,True,Placeholder default. Replace with economy-specific researcher data when available.
Demand\Freight road\Age 9,Survival Rate,Reference,Indonesia,default,default_best_guess,APERC placeholder road defaults,all_apec_economies_until_researcher_update,2026-05-25,v2026_05_25_best_guess,True,Placeholder default. Replace with economy-specific researcher data when available.
Demand\Freight road\Age 9,Vintage Profile Share,Reference,Indonesia,default,default_best_guess,APERC placeholder road defaults,all_apec_economies_until_researcher_update,2026-05-25,v2026_05_25_best_guess,True,Placeholder default. Replace with economy-specific researcher data when available.
Demand\Freight road\LCVs,Mileage,Reference,Indonesia,default,default_best_guess,APERC placeholder road defaults,all_apec_economies_until_researcher_update,2026-05-25,v2026_05_25_best_guess,True,Placeholder default. Replace with economy-specific researcher data when available.
Demand\Freight road\LCVs\BEV,Sales Share,Reference,Indonesia,default,transport_leap_export_default,transport_leap_export_combined_ALL_ECONS_domestic_international_Target_20260526.xlsx,exact_region_match,2026-05-25,v2026_05_25_best_guess,True,Placeholder default. Replace with economy-specific researcher data when available.
Demand\Freight road\LCVs\BEV,Stock,Reference,Indonesia,default,default_best_guess,APERC placeholder road defaults,all_apec_economies_until_researcher_update,2026-05-25,v2026_05_25_best_guess,True,Placeholder default. Replace with economy-specific researcher data when available.
Demand\Freight road\LCVs\BEV\Electricity,Fuel Economy,Reference,Indonesia,default,transport_leap_export_default,transport_leap_export_combined_ALL_ECONS_domestic_international_Target_20260526.xlsx,exact_region_match,2026-05-25,v2026_05_25_best_guess,True,Placeholder default. Replace with economy-specific researcher data when available.
Demand\Freight road\LCVs\FCEV,Sales Share,Reference,Indonesia,default,default_best_guess,APERC placeholder road defaults,all_apec_economies_until_researcher_update,2026-05-25,v2026_05_25_best_guess,True,Placeholder default. Replace with economy-specific researcher data when available.
Demand\Freight road\LCVs\FCEV,Stock,Reference,Indonesia,default,default_best_guess,APERC placeholder road defaults,all_apec_economies_until_researcher_update,2026-05-25,v2026_05_25_best_guess,True,Placeholder default. Replace with economy-specific researcher data when available.
Demand\Freight road\LCVs\FCEV\Hydrogen,Fuel Economy,Reference,Indonesia,default,default_best_guess,APERC placeholder road defaults,all_apec_economies_until_researcher_update,2026-05-25,v2026_05_25_best_guess,True,Placeholder default. Replace with economy-specific researcher data when available.
Demand\Freight road\LCVs\ICE,Sales Share,Reference,Indonesia,default,transport_leap_export_default,transport_leap_export_combined_ALL_ECONS_domestic_international_Target_20260526.xlsx,exact_region_match,2026-05-25,v2026_05_25_best_guess,True,Placeholder default. Replace with economy-specific researcher data when available.
Demand\Freight road\LCVs\ICE,Stock,Reference,Indonesia,default,default_best_guess,APERC placeholder road defaults,all_apec_economies_until_researcher_update,2026-05-25,v2026_05_25_best_guess,True,Placeholder default. Replace with economy-specific researcher data when available.
Demand\Freight road\LCVs\ICE\Gas and diesel oil,Fuel Economy,Reference,Indonesia,default,transport_leap_export_default,transport_leap_export_combined_ALL_ECONS_domestic_international_Target_20260526.xlsx,exact_region_match,2026-05-25,v2026_05_25_best_guess,True,Placeholder default. Replace with economy-specific researcher data when available.
Demand\Freight road\LCVs\ICE\LPG,Fuel Economy,Reference,Indonesia,default,transport_leap_export_default,transport_leap_export_combined_ALL_ECONS_domestic_international_Target_20260526.xlsx,exact_region_match,2026-05-25,v2026_05_25_best_guess,True,Placeholder default. Replace with economy-specific researcher data when available.
Demand\Freight road\LCVs\ICE\Motor gasoline,Fuel Economy,Reference,Indonesia,default,transport_leap_export_default,transport_leap_export_combined_ALL_ECONS_domestic_international_Target_20260526.xlsx,exact_region_match,2026-05-25,v2026_05_25_best_guess,True,Placeholder default. Replace with economy-specific researcher data when available.
Demand\Freight road\LCVs\ICE\Natural gas,Fuel Economy,Reference,Indonesia,default,transport_leap_export_default,transport_leap_export_combined_ALL_ECONS_domestic_international_Target_20260526.xlsx,exact_region_match,2026-05-25,v2026_05_25_best_guess,True,Placeholder default. Replace with economy-specific researcher data when available.
Demand\Freight road\LCVs\PHEV,Fuel Economy,Reference,Indonesia,default,default_best_guess,APERC placeholder road defaults,all_apec_economies_until_researcher_update,2026-05-25,v2026_05_25_best_guess,True,Placeholder default. Replace with economy-specific researcher data when available.
Demand\Freight road\LCVs\PHEV,Sales Share,Reference,Indonesia,default,transport_leap_export_default,transport_leap_export_combined_ALL_ECONS_domestic_international_Target_20260526.xlsx,exact_region_match,2026-05-25,v2026_05_25_best_guess,True,Placeholder default. Replace with economy-specific researcher data when available.
Demand\Freight road\LCVs\PHEV,Stock,Reference,Indonesia,default,default_best_guess,APERC placeholder road defaults,all_apec_economies_until_researcher_update,2026-05-25,v2026_05_25_best_guess,True,Placeholder default. Replace with economy-specific researcher data when available.
Demand\Freight road\PHEV,PHEV Electric Driving Share,Reference,Indonesia,provided,apec_phev_utilisation_rates,apec_phev_utilisation_rates.csv,07INA,2025,v2026_05_25_best_guess,False,
Demand\Freight road\Trucks\BEV heavy,Sales Share,Reference,Indonesia,default,transport_leap_export_default,transport_leap_export_combined_ALL_ECONS_domestic_international_Target_20260526.xlsx,exact_region_match,2026-05-25,v2026_05_25_best_guess,True,Placeholder default. Replace with economy-specific researcher data when available.
Demand\Freight road\Trucks\BEV heavy,Stock,Reference,Indonesia,default,default_best_guess,APERC placeholder road defaults,all_apec_economies_until_researcher_update,2026-05-25,v2026_05_25_best_guess,True,Placeholder default. Replace with economy-specific researcher data when available.
Demand\Freight road\Trucks\BEV heavy\Electricity,Fuel Economy,Reference,Indonesia,default,transport_leap_export_default,transport_leap_export_combined_ALL_ECONS_domestic_international_Target_20260526.xlsx,exact_region_match,2026-05-25,v2026_05_25_best_guess,True,Placeholder default. Replace with economy-specific researcher data when available.
Demand\Freight road\Trucks\BEV medium,Sales Share,Reference,Indonesia,default,transport_leap_export_default,transport_leap_export_combined_ALL_ECONS_domestic_international_Target_20260526.xlsx,exact_region_match,2026-05-25,v2026_05_25_best_guess,True,Placeholder default. Replace with economy-specific researcher data when available.
Demand\Freight road\Trucks\BEV medium,Stock,Reference,Indonesia,default,default_best_guess,APERC placeholder road defaults,all_apec_economies_until_researcher_update,2026-05-25,v2026_05_25_best_guess,True,Placeholder default. Replace with economy-specific researcher data when available.
Demand\Freight road\Trucks\BEV medium\Electricity,Fuel Economy,Reference,Indonesia,default,transport_leap_export_default,transport_leap_export_combined_ALL_ECONS_domestic_international_Target_20260526.xlsx,exact_region_match,2026-05-25,v2026_05_25_best_guess,True,Placeholder default. Replace with economy-specific researcher data when available.
Demand\Freight road\Trucks\FCEV heavy,Sales Share,Reference,Indonesia,default,transport_leap_export_default,transport_leap_export_combined_ALL_ECONS_domestic_international_Target_20260526.xlsx,exact_region_match,2026-05-25,v2026_05_25_best_guess,True,Placeholder default. Replace with economy-specific researcher data when available.
Demand\Freight road\Trucks\FCEV heavy,Stock,Reference,Indonesia,default,default_best_guess,APERC placeholder road defaults,all_apec_economies_until_researcher_update,2026-05-25,v2026_05_25_best_guess,True,Placeholder default. Replace with economy-specific researcher data when available.
Demand\Freight road\Trucks\FCEV heavy\Hydrogen,Fuel Economy,Reference,Indonesia,default,transport_leap_export_default,transport_leap_export_combined_ALL_ECONS_domestic_international_Target_20260526.xlsx,exact_region_match,2026-05-25,v2026_05_25_best_guess,True,Placeholder default. Replace with economy-specific researcher data when available.
Demand\Freight road\Trucks\FCEV medium,Sales Share,Reference,Indonesia,default,transport_leap_export_default,transport_leap_export_combined_ALL_ECONS_domestic_international_Target_20260526.xlsx,exact_region_match,2026-05-25,v2026_05_25_best_guess,True,Placeholder default. Replace with economy-specific researcher data when available.
Demand\Freight road\Trucks\FCEV medium,Stock,Reference,Indonesia,default,default_best_guess,APERC placeholder road defaults,all_apec_economies_until_researcher_update,2026-05-25,v2026_05_25_best_guess,True,Placeholder default. Replace with economy-specific researcher data when available.
Demand\Freight road\Trucks\FCEV medium\Hydrogen,Fuel Economy,Reference,Indonesia,default,transport_leap_export_default,transport_leap_export_combined_ALL_ECONS_domestic_international_Target_20260526.xlsx,exact_region_match,2026-05-25,v2026_05_25_best_guess,True,Placeholder default. Replace with economy-specific researcher data when available.
Demand\Freight road\Trucks\HEV heavy,Sales Share,Reference,Indonesia,default,default_best_guess,APERC placeholder road defaults,all_apec_economies_until_researcher_update,2026-05-25,v2026_05_25_best_guess,True,Placeholder default. Replace with economy-specific researcher data when available.
Demand\Freight road\Trucks\HEV heavy,Stock,Reference,Indonesia,default,default_best_guess,APERC placeholder road defaults,all_apec_economies_until_researcher_update,2026-05-25,v2026_05_25_best_guess,True,Placeholder default. Replace with economy-specific researcher data when available.
Demand\Freight road\Trucks\HEV heavy\Motor gasoline,Fuel Economy,Reference,Indonesia,default,default_best_guess,APERC placeholder road defaults,all_apec_economies_until_researcher_update,2026-05-25,v2026_05_25_best_guess,True,Placeholder default. Replace with economy-specific researcher data when available.
Demand\Freight road\Trucks\HEV medium,Sales Share,Reference,Indonesia,default,default_best_guess,APERC placeholder road defaults,all_apec_economies_until_researcher_update,2026-05-25,v2026_05_25_best_guess,True,Placeholder default. Replace with economy-specific researcher data when available.
Demand\Freight road\Trucks\HEV medium,Stock,Reference,Indonesia,default,default_best_guess,APERC placeholder road defaults,all_apec_economies_until_researcher_update,2026-05-25,v2026_05_25_best_guess,True,Placeholder default. Replace with economy-specific researcher data when available.
Demand\Freight road\Trucks\HEV medium\Motor gasoline,Fuel Economy,Reference,Indonesia,default,default_best_guess,APERC placeholder road defaults,all_apec_economies_until_researcher_update,2026-05-25,v2026_05_25_best_guess,True,Placeholder default. Replace with economy-specific researcher data when available.
Demand\Freight road\Trucks\Heavy trucks,Mileage,Reference,Indonesia,default,default_best_guess,APERC placeholder road defaults,all_apec_economies_until_researcher_update,2026-05-25,v2026_05_25_best_guess,True,Placeholder default. Replace with economy-specific researcher data when available.
Demand\Freight road\Trucks\ICE heavy,Sales Share,Reference,Indonesia,default,transport_leap_export_default,transport_leap_export_combined_ALL_ECONS_domestic_international_Target_20260526.xlsx,exact_region_match,2026-05-25,v2026_05_25_best_guess,True,Placeholder default. Replace with economy-specific researcher data when available.
Demand\Freight road\Trucks\ICE heavy,Stock,Reference,Indonesia,default,default_best_guess,APERC placeholder road defaults,all_apec_economies_until_researcher_update,2026-05-25,v2026_05_25_best_guess,True,Placeholder default. Replace with economy-specific researcher data when available.
Demand\Freight road\Trucks\ICE heavy\Gas and diesel oil,Fuel Economy,Reference,Indonesia,default,transport_leap_export_default,transport_leap_export_combined_ALL_ECONS_domestic_international_Target_20260526.xlsx,exact_region_match,2026-05-25,v2026_05_25_best_guess,True,Placeholder default. Replace with economy-specific researcher data when available.
Demand\Freight road\Trucks\ICE heavy\LPG,Fuel Economy,Reference,Indonesia,default,transport_leap_export_default,transport_leap_export_combined_ALL_ECONS_domestic_international_Target_20260526.xlsx,exact_region_match,2026-05-25,v2026_05_25_best_guess,True,Placeholder default. Replace with economy-specific researcher data when available.
Demand\Freight road\Trucks\ICE heavy\Motor gasoline,Fuel Economy,Reference,Indonesia,default,transport_leap_export_default,transport_leap_export_combined_ALL_ECONS_domestic_international_Target_20260526.xlsx,exact_region_match,2026-05-25,v2026_05_25_best_guess,True,Placeholder default. Replace with economy-specific researcher data when available.
Demand\Freight road\Trucks\ICE heavy\Natural gas,Fuel Economy,Reference,Indonesia,default,transport_leap_export_default,transport_leap_export_combined_ALL_ECONS_domestic_international_Target_20260526.xlsx,exact_region_match,2026-05-25,v2026_05_25_best_guess,True,Placeholder default. Replace with economy-specific researcher data when available.
Demand\Freight road\Trucks\ICE medium,Sales Share,Reference,Indonesia,default,transport_leap_export_default,transport_leap_export_combined_ALL_ECONS_domestic_international_Target_20260526.xlsx,exact_region_match,2026-05-25,v2026_05_25_best_guess,True,Placeholder default. Replace with economy-specific researcher data when available.
Demand\Freight road\Trucks\ICE medium,Stock,Reference,Indonesia,default,default_best_guess,APERC placeholder road defaults,all_apec_economies_until_researcher_update,2026-05-25,v2026_05_25_best_guess,True,Placeholder default. Replace with economy-specific researcher data when available.
Demand\Freight road\Trucks\ICE medium\Gas and diesel oil,Fuel Economy,Reference,Indonesia,default,transport_leap_export_default,transport_leap_export_combined_ALL_ECONS_domestic_international_Target_20260526.xlsx,exact_region_match,2026-05-25,v2026_05_25_best_guess,True,Placeholder default. Replace with economy-specific researcher data when available.
Demand\Freight road\Trucks\ICE medium\LPG,Fuel Economy,Reference,Indonesia,default,transport_leap_export_default,transport_leap_export_combined_ALL_ECONS_domestic_international_Target_20260526.xlsx,exact_region_match,2026-05-25,v2026_05_25_best_guess,True,Placeholder default. Replace with economy-specific researcher data when available.
Demand\Freight road\Trucks\ICE medium\Motor gasoline,Fuel Economy,Reference,Indonesia,default,transport_leap_export_default,transport_leap_export_combined_ALL_ECONS_domestic_international_Target_20260526.xlsx,exact_region_match,2026-05-25,v2026_05_25_best_guess,True,Placeholder default. Replace with economy-specific researcher data when available.
Demand\Freight road\Trucks\ICE medium\Natural gas,Fuel Economy,Reference,Indonesia,default,transport_leap_export_default,transport_leap_export_combined_ALL_ECONS_domestic_international_Target_20260526.xlsx,exact_region_match,2026-05-25,v2026_05_25_best_guess,True,Placeholder default. Replace with economy-specific researcher data when available.
Demand\Freight road\Trucks\Medium trucks,Mileage,Reference,Indonesia,default,default_best_guess,APERC placeholder road defaults,all_apec_economies_until_researcher_update,2026-05-25,v2026_05_25_best_guess,True,Placeholder default. Replace with economy-specific researcher data when available.
Demand\Freight road\Trucks\PHEV heavy,Fuel Economy,Reference,Indonesia,default,default_best_guess,APERC placeholder road defaults,all_apec_economies_until_researcher_update,2026-05-25,v2026_05_25_best_guess,True,Placeholder default. Replace with economy-specific researcher data when available.
Demand\Freight road\Trucks\PHEV heavy,Sales Share,Reference,Indonesia,default,transport_leap_export_default,transport_leap_export_combined_ALL_ECONS_domestic_international_Target_20260526.xlsx,exact_region_match,2026-05-25,v2026_05_25_best_guess,True,Placeholder default. Replace with economy-specific researcher data when available.
Demand\Freight road\Trucks\PHEV heavy,Stock,Reference,Indonesia,default,default_best_guess,APERC placeholder road defaults,all_apec_economies_until_researcher_update,2026-05-25,v2026_05_25_best_guess,True,Placeholder default. Replace with economy-specific researcher data when available.
Demand\Freight road\Trucks\PHEV medium,Fuel Economy,Reference,Indonesia,default,default_best_guess,APERC placeholder road defaults,all_apec_economies_until_researcher_update,2026-05-25,v2026_05_25_best_guess,True,Placeholder default. Replace with economy-specific researcher data when available.
Demand\Freight road\Trucks\PHEV medium,Sales Share,Reference,Indonesia,default,transport_leap_export_default,transport_leap_export_combined_ALL_ECONS_domestic_international_Target_20260526.xlsx,exact_region_match,2026-05-25,v2026_05_25_best_guess,True,Placeholder default. Replace with economy-specific researcher data when available.
Demand\Freight road\Trucks\PHEV medium,Stock,Reference,Indonesia,default,default_best_guess,APERC placeholder road defaults,all_apec_economies_until_researcher_update,2026-05-25,v2026_05_25_best_guess,True,Placeholder default. Replace with economy-specific researcher data when available.
Demand\Passenger road,Passenger Vehicle Saturation,Reference,Indonesia,provided,apec_passenger_saturation,apec_passenger_vehicle_saturation.csv,07INA,2024,v2026_05_25_best_guess,False,
Demand\Passenger road,Reconciliation Bound Lower,Reference,Indonesia,provided,apec_reconciliation_factors,apec_reconciliation_factors.csv,passenger,2026,v2026_05_25_best_guess,False,
Demand\Passenger road,Reconciliation Bound Upper,Reference,Indonesia,provided,apec_reconciliation_factors,apec_reconciliation_factors.csv,passenger,2026,v2026_05_25_best_guess,False,
Demand\Passenger road,Reconciliation Weight,Reference,Indonesia,provided,apec_reconciliation_factors,apec_reconciliation_factors.csv,passenger,2026,v2026_05_25_best_guess,False,
Demand\Passenger road\Age 0,Survival Rate,Reference,Indonesia,default,default_best_guess,APERC placeholder road defaults,all_apec_economies_until_researcher_update,2026-05-25,v2026_05_25_best_guess,True,Placeholder default. Replace with economy-specific researcher data when available.
Demand\Passenger road\Age 0,Vintage Profile Share,Reference,Indonesia,default,default_best_guess,APERC placeholder road defaults,all_apec_economies_until_researcher_update,2026-05-25,v2026_05_25_best_guess,True,Placeholder default. Replace with economy-specific researcher data when available.
Demand\Passenger road\Age 1,Survival Rate,Reference,Indonesia,default,default_best_guess,APERC placeholder road defaults,all_apec_economies_until_researcher_update,2026-05-25,v2026_05_25_best_guess,True,Placeholder default. Replace with economy-specific researcher data when available.
Demand\Passenger road\Age 1,Vintage Profile Share,Reference,Indonesia,default,default_best_guess,APERC placeholder road defaults,all_apec_economies_until_researcher_update,2026-05-25,v2026_05_25_best_guess,True,Placeholder default. Replace with economy-specific researcher data when available.
Demand\Passenger road\Age 10,Survival Rate,Reference,Indonesia,default,default_best_guess,APERC placeholder road defaults,all_apec_economies_until_researcher_update,2026-05-25,v2026_05_25_best_guess,True,Placeholder default. Replace with economy-specific researcher data when available.
Demand\Passenger road\Age 10,Vintage Profile Share,Reference,Indonesia,default,default_best_guess,APERC placeholder road defaults,all_apec_economies_until_researcher_update,2026-05-25,v2026_05_25_best_guess,True,Placeholder default. Replace with economy-specific researcher data when available.
Demand\Passenger road\Age 11,Survival Rate,Reference,Indonesia,default,default_best_guess,APERC placeholder road defaults,all_apec_economies_until_researcher_update,2026-05-25,v2026_05_25_best_guess,True,Placeholder default. Replace with economy-specific researcher data when available.
Demand\Passenger road\Age 11,Vintage Profile Share,Reference,Indonesia,default,default_best_guess,APERC placeholder road defaults,all_apec_economies_until_researcher_update,2026-05-25,v2026_05_25_best_guess,True,Placeholder default. Replace with economy-specific researcher data when available.
Demand\Passenger road\Age 12,Survival Rate,Reference,Indonesia,default,default_best_guess,APERC placeholder road defaults,all_apec_economies_until_researcher_update,2026-05-25,v2026_05_25_best_guess,True,Placeholder default. Replace with economy-specific researcher data when available.
Demand\Passenger road\Age 12,Vintage Profile Share,Reference,Indonesia,default,default_best_guess,APERC placeholder road defaults,all_apec_economies_until_researcher_update,2026-05-25,v2026_05_25_best_guess,True,Placeholder default. Replace with economy-specific researcher data when available.
Demand\Passenger road\Age 13,Survival Rate,Reference,Indonesia,default,default_best_guess,APERC placeholder road defaults,all_apec_economies_until_researcher_update,2026-05-25,v2026_05_25_best_guess,True,Placeholder default. Replace with economy-specific researcher data when available.
Demand\Passenger road\Age 13,Vintage Profile Share,Reference,Indonesia,default,default_best_guess,APERC placeholder road defaults,all_apec_economies_until_researcher_update,2026-05-25,v2026_05_25_best_guess,True,Placeholder default. Replace with economy-specific researcher data when available.
Demand\Passenger road\Age 14,Survival Rate,Reference,Indonesia,default,default_best_guess,APERC placeholder road defaults,all_apec_economies_until_researcher_update,2026-05-25,v2026_05_25_best_guess,True,Placeholder default. Replace with economy-specific researcher data when available.
Demand\Passenger road\Age 14,Vintage Profile Share,Reference,Indonesia,default,default_best_guess,APERC placeholder road defaults,all_apec_economies_until_researcher_update,2026-05-25,v2026_05_25_best_guess,True,Placeholder default. Replace with economy-specific researcher data when available.
Demand\Passenger road\Age 15,Survival Rate,Reference,Indonesia,default,default_best_guess,APERC placeholder road defaults,all_apec_economies_until_researcher_update,2026-05-25,v2026_05_25_best_guess,True,Placeholder default. Replace with economy-specific researcher data when available.
Demand\Passenger road\Age 15,Vintage Profile Share,Reference,Indonesia,default,default_best_guess,APERC placeholder road defaults,all_apec_economies_until_researcher_update,2026-05-25,v2026_05_25_best_guess,True,Placeholder default. Replace with economy-specific researcher data when available.
Demand\Passenger road\Age 16,Survival Rate,Reference,Indonesia,default,default_best_guess,APERC placeholder road defaults,all_apec_economies_until_researcher_update,2026-05-25,v2026_05_25_best_guess,True,Placeholder default. Replace with economy-specific researcher data when available.
Demand\Passenger road\Age 16,Vintage Profile Share,Reference,Indonesia,default,default_best_guess,APERC placeholder road defaults,all_apec_economies_until_researcher_update,2026-05-25,v2026_05_25_best_guess,True,Placeholder default. Replace with economy-specific researcher data when available.
Demand\Passenger road\Age 17,Survival Rate,Reference,Indonesia,default,default_best_guess,APERC placeholder road defaults,all_apec_economies_until_researcher_update,2026-05-25,v2026_05_25_best_guess,True,Placeholder default. Replace with economy-specific researcher data when available.
Demand\Passenger road\Age 17,Vintage Profile Share,Reference,Indonesia,default,default_best_guess,APERC placeholder road defaults,all_apec_economies_until_researcher_update,2026-05-25,v2026_05_25_best_guess,True,Placeholder default. Replace with economy-specific researcher data when available.
Demand\Passenger road\Age 18,Survival Rate,Reference,Indonesia,default,default_best_guess,APERC placeholder road defaults,all_apec_economies_until_researcher_update,2026-05-25,v2026_05_25_best_guess,True,Placeholder default. Replace with economy-specific researcher data when available.
Demand\Passenger road\Age 18,Vintage Profile Share,Reference,Indonesia,default,default_best_guess,APERC placeholder road defaults,all_apec_economies_until_researcher_update,2026-05-25,v2026_05_25_best_guess,True,Placeholder default. Replace with economy-specific researcher data when available.
Demand\Passenger road\Age 19,Survival Rate,Reference,Indonesia,default,default_best_guess,APERC placeholder road defaults,all_apec_economies_until_researcher_update,2026-05-25,v2026_05_25_best_guess,True,Placeholder default. Replace with economy-specific researcher data when available.
Demand\Passenger road\Age 19,Vintage Profile Share,Reference,Indonesia,default,default_best_guess,APERC placeholder road defaults,all_apec_economies_until_researcher_update,2026-05-25,v2026_05_25_best_guess,True,Placeholder default. Replace with economy-specific researcher data when available.
Demand\Passenger road\Age 2,Survival Rate,Reference,Indonesia,default,default_best_guess,APERC placeholder road defaults,all_apec_economies_until_researcher_update,2026-05-25,v2026_05_25_best_guess,True,Placeholder default. Replace with economy-specific researcher data when available.
Demand\Passenger road\Age 2,Vintage Profile Share,Reference,Indonesia,default,default_best_guess,APERC placeholder road defaults,all_apec_economies_until_researcher_update,2026-05-25,v2026_05_25_best_guess,True,Placeholder default. Replace with economy-specific researcher data when available.
Demand\Passenger road\Age 20,Survival Rate,Reference,Indonesia,default,default_best_guess,APERC placeholder road defaults,all_apec_economies_until_researcher_update,2026-05-25,v2026_05_25_best_guess,True,Placeholder default. Replace with economy-specific researcher data when available.
Demand\Passenger road\Age 20,Vintage Profile Share,Reference,Indonesia,default,default_best_guess,APERC placeholder road defaults,all_apec_economies_until_researcher_update,2026-05-25,v2026_05_25_best_guess,True,Placeholder default. Replace with economy-specific researcher data when available.
Demand\Passenger road\Age 21,Survival Rate,Reference,Indonesia,default,default_best_guess,APERC placeholder road defaults,all_apec_economies_until_researcher_update,2026-05-25,v2026_05_25_best_guess,True,Placeholder default. Replace with economy-specific researcher data when available.
Demand\Passenger road\Age 21,Vintage Profile Share,Reference,Indonesia,default,default_best_guess,APERC placeholder road defaults,all_apec_economies_until_researcher_update,2026-05-25,v2026_05_25_best_guess,True,Placeholder default. Replace with economy-specific researcher data when available.
Demand\Passenger road\Age 22,Survival Rate,Reference,Indonesia,default,default_best_guess,APERC placeholder road defaults,all_apec_economies_until_researcher_update,2026-05-25,v2026_05_25_best_guess,True,Placeholder default. Replace with economy-specific researcher data when available.
Demand\Passenger road\Age 22,Vintage Profile Share,Reference,Indonesia,default,default_best_guess,APERC placeholder road defaults,all_apec_economies_until_researcher_update,2026-05-25,v2026_05_25_best_guess,True,Placeholder default. Replace with economy-specific researcher data when available.
Demand\Passenger road\Age 23,Survival Rate,Reference,Indonesia,default,default_best_guess,APERC placeholder road defaults,all_apec_economies_until_researcher_update,2026-05-25,v2026_05_25_best_guess,True,Placeholder default. Replace with economy-specific researcher data when available.
Demand\Passenger road\Age 23,Vintage Profile Share,Reference,Indonesia,default,default_best_guess,APERC placeholder road defaults,all_apec_economies_until_researcher_update,2026-05-25,v2026_05_25_best_guess,True,Placeholder default. Replace with economy-specific researcher data when available.
Demand\Passenger road\Age 24,Survival Rate,Reference,Indonesia,default,default_best_guess,APERC placeholder road defaults,all_apec_economies_until_researcher_update,2026-05-25,v2026_05_25_best_guess,True,Placeholder default. Replace with economy-specific researcher data when available.
Demand\Passenger road\Age 24,Vintage Profile Share,Reference,Indonesia,default,default_best_guess,APERC placeholder road defaults,all_apec_economies_until_researcher_update,2026-05-25,v2026_05_25_best_guess,True,Placeholder default. Replace with economy-specific researcher data when available.
Demand\Passenger road\Age 25,Survival Rate,Reference,Indonesia,default,default_best_guess,APERC placeholder road defaults,all_apec_economies_until_researcher_update,2026-05-25,v2026_05_25_best_guess,True,Placeholder default. Replace with economy-specific researcher data when available.
Demand\Passenger road\Age 25,Vintage Profile Share,Reference,Indonesia,default,default_best_guess,APERC placeholder road defaults,all_apec_economies_until_researcher_update,2026-05-25,v2026_05_25_best_guess,True,Placeholder default. Replace with economy-specific researcher data when available.
Demand\Passenger road\Age 26,Survival Rate,Reference,Indonesia,default,default_best_guess,APERC placeholder road defaults,all_apec_economies_until_researcher_update,2026-05-25,v2026_05_25_best_guess,True,Placeholder default. Replace with economy-specific researcher data when available.
Demand\Passenger road\Age 26,Vintage Profile Share,Reference,Indonesia,default,default_best_guess,APERC placeholder road defaults,all_apec_economies_until_researcher_update,2026-05-25,v2026_05_25_best_guess,True,Placeholder default. Replace with economy-specific researcher data when available.
Demand\Passenger road\Age 27,Survival Rate,Reference,Indonesia,default,default_best_guess,APERC placeholder road defaults,all_apec_economies_until_researcher_update,2026-05-25,v2026_05_25_best_guess,True,Placeholder default. Replace with economy-specific researcher data when available.
Demand\Passenger road\Age 27,Vintage Profile Share,Reference,Indonesia,default,default_best_guess,APERC placeholder road defaults,all_apec_economies_until_researcher_update,2026-05-25,v2026_05_25_best_guess,True,Placeholder default. Replace with economy-specific researcher data when available.
Demand\Passenger road\Age 28,Survival Rate,Reference,Indonesia,default,default_best_guess,APERC placeholder road defaults,all_apec_economies_until_researcher_update,2026-05-25,v2026_05_25_best_guess,True,Placeholder default. Replace with economy-specific researcher data when available.
Demand\Passenger road\Age 28,Vintage Profile Share,Reference,Indonesia,default,default_best_guess,APERC placeholder road defaults,all_apec_economies_until_researcher_update,2026-05-25,v2026_05_25_best_guess,True,Placeholder default. Replace with economy-specific researcher data when available.
Demand\Passenger road\Age 29,Survival Rate,Reference,Indonesia,default,default_best_guess,APERC placeholder road defaults,all_apec_economies_until_researcher_update,2026-05-25,v2026_05_25_best_guess,True,Placeholder default. Replace with economy-specific researcher data when available.
Demand\Passenger road\Age 29,Vintage Profile Share,Reference,Indonesia,default,default_best_guess,APERC placeholder road defaults,all_apec_economies_until_researcher_update,2026-05-25,v2026_05_25_best_guess,True,Placeholder default. Replace with economy-specific researcher data when available.
Demand\Passenger road\Age 3,Survival Rate,Reference,Indonesia,default,default_best_guess,APERC placeholder road defaults,all_apec_economies_until_researcher_update,2026-05-25,v2026_05_25_best_guess,True,Placeholder default. Replace with economy-specific researcher data when available.
Demand\Passenger road\Age 3,Vintage Profile Share,Reference,Indonesia,default,default_best_guess,APERC placeholder road defaults,all_apec_economies_until_researcher_update,2026-05-25,v2026_05_25_best_guess,True,Placeholder default. Replace with economy-specific researcher data when available.
Demand\Passenger road\Age 30,Survival Rate,Reference,Indonesia,default,default_best_guess,APERC placeholder road defaults,all_apec_economies_until_researcher_update,2026-05-25,v2026_05_25_best_guess,True,Placeholder default. Replace with economy-specific researcher data when available.
Demand\Passenger road\Age 30,Vintage Profile Share,Reference,Indonesia,default,default_best_guess,APERC placeholder road defaults,all_apec_economies_until_researcher_update,2026-05-25,v2026_05_25_best_guess,True,Placeholder default. Replace with economy-specific researcher data when available.
Demand\Passenger road\Age 4,Survival Rate,Reference,Indonesia,default,default_best_guess,APERC placeholder road defaults,all_apec_economies_until_researcher_update,2026-05-25,v2026_05_25_best_guess,True,Placeholder default. Replace with economy-specific researcher data when available.
Demand\Passenger road\Age 4,Vintage Profile Share,Reference,Indonesia,default,default_best_guess,APERC placeholder road defaults,all_apec_economies_until_researcher_update,2026-05-25,v2026_05_25_best_guess,True,Placeholder default. Replace with economy-specific researcher data when available.
Demand\Passenger road\Age 5,Survival Rate,Reference,Indonesia,default,default_best_guess,APERC placeholder road defaults,all_apec_economies_until_researcher_update,2026-05-25,v2026_05_25_best_guess,True,Placeholder default. Replace with economy-specific researcher data when available.
Demand\Passenger road\Age 5,Vintage Profile Share,Reference,Indonesia,default,default_best_guess,APERC placeholder road defaults,all_apec_economies_until_researcher_update,2026-05-25,v2026_05_25_best_guess,True,Placeholder default. Replace with economy-specific researcher data when available.
Demand\Passenger road\Age 6,Survival Rate,Reference,Indonesia,default,default_best_guess,APERC placeholder road defaults,all_apec_economies_until_researcher_update,2026-05-25,v2026_05_25_best_guess,True,Placeholder default. Replace with economy-specific researcher data when available.
Demand\Passenger road\Age 6,Vintage Profile Share,Reference,Indonesia,default,default_best_guess,APERC placeholder road defaults,all_apec_economies_until_researcher_update,2026-05-25,v2026_05_25_best_guess,True,Placeholder default. Replace with economy-specific researcher data when available.
Demand\Passenger road\Age 7,Survival Rate,Reference,Indonesia,default,default_best_guess,APERC placeholder road defaults,all_apec_economies_until_researcher_update,2026-05-25,v2026_05_25_best_guess,True,Placeholder default. Replace with economy-specific researcher data when available.
Demand\Passenger road\Age 7,Vintage Profile Share,Reference,Indonesia,default,default_best_guess,APERC placeholder road defaults,all_apec_economies_until_researcher_update,2026-05-25,v2026_05_25_best_guess,True,Placeholder default. Replace with economy-specific researcher data when available.
Demand\Passenger road\Age 8,Survival Rate,Reference,Indonesia,default,default_best_guess,APERC placeholder road defaults,all_apec_economies_until_researcher_update,2026-05-25,v2026_05_25_best_guess,True,Placeholder default. Replace with economy-specific researcher data when available.
Demand\Passenger road\Age 8,Vintage Profile Share,Reference,Indonesia,default,default_best_guess,APERC placeholder road defaults,all_apec_economies_until_researcher_update,2026-05-25,v2026_05_25_best_guess,True,Placeholder default. Replace with economy-specific researcher data when available.
Demand\Passenger road\Age 9,Survival Rate,Reference,Indonesia,default,default_best_guess,APERC placeholder road defaults,all_apec_economies_until_researcher_update,2026-05-25,v2026_05_25_best_guess,True,Placeholder default. Replace with economy-specific researcher data when available.
Demand\Passenger road\Age 9,Vintage Profile Share,Reference,Indonesia,default,default_best_guess,APERC placeholder road defaults,all_apec_economies_until_researcher_update,2026-05-25,v2026_05_25_best_guess,True,Placeholder default. Replace with economy-specific researcher data when available.
Demand\Passenger road\Buses,Mileage,Reference,Indonesia,default,default_best_guess,APERC placeholder road defaults,all_apec_economies_until_researcher_update,2026-05-25,v2026_05_25_best_guess,True,Placeholder default. Replace with economy-specific researcher data when available.
Demand\Passenger road\Buses,Vehicle Equivalent Weight,Reference,Indonesia,provided,apec_vehicle_equivalent_weights,apec_vehicle_equivalent_weights.csv,bus,2026,v2026_05_25_best_guess,False,
Demand\Passenger road\Buses\BEV,Sales Share,Reference,Indonesia,default,transport_leap_export_default,transport_leap_export_combined_ALL_ECONS_domestic_international_Target_20260526.xlsx,exact_region_match,2026-05-25,v2026_05_25_best_guess,True,Placeholder default. Replace with economy-specific researcher data when available.
Demand\Passenger road\Buses\BEV,Stock,Reference,Indonesia,default,default_best_guess,APERC placeholder road defaults,all_apec_economies_until_researcher_update,2026-05-25,v2026_05_25_best_guess,True,Placeholder default. Replace with economy-specific researcher data when available.
Demand\Passenger road\Buses\BEV\Electricity,Fuel Economy,Reference,Indonesia,default,transport_leap_export_default,transport_leap_export_combined_ALL_ECONS_domestic_international_Target_20260526.xlsx,exact_region_match,2026-05-25,v2026_05_25_best_guess,True,Placeholder default. Replace with economy-specific researcher data when available.
Demand\Passenger road\Buses\FCEV,Sales Share,Reference,Indonesia,default,transport_leap_export_default,transport_leap_export_combined_ALL_ECONS_domestic_international_Target_20260526.xlsx,exact_region_match,2026-05-25,v2026_05_25_best_guess,True,Placeholder default. Replace with economy-specific researcher data when available.
Demand\Passenger road\Buses\FCEV,Stock,Reference,Indonesia,default,default_best_guess,APERC placeholder road defaults,all_apec_economies_until_researcher_update,2026-05-25,v2026_05_25_best_guess,True,Placeholder default. Replace with economy-specific researcher data when available.
Demand\Passenger road\Buses\FCEV\Hydrogen,Fuel Economy,Reference,Indonesia,default,transport_leap_export_default,transport_leap_export_combined_ALL_ECONS_domestic_international_Target_20260526.xlsx,exact_region_match,2026-05-25,v2026_05_25_best_guess,True,Placeholder default. Replace with economy-specific researcher data when available.
Demand\Passenger road\Buses\ICE,Sales Share,Reference,Indonesia,default,transport_leap_export_default,transport_leap_export_combined_ALL_ECONS_domestic_international_Target_20260526.xlsx,exact_region_match,2026-05-25,v2026_05_25_best_guess,True,Placeholder default. Replace with economy-specific researcher data when available.
Demand\Passenger road\Buses\ICE,Stock,Reference,Indonesia,default,default_best_guess,APERC placeholder road defaults,all_apec_economies_until_researcher_update,2026-05-25,v2026_05_25_best_guess,True,Placeholder default. Replace with economy-specific researcher data when available.
Demand\Passenger road\Buses\ICE\Gas and diesel oil,Fuel Economy,Reference,Indonesia,default,transport_leap_export_default,transport_leap_export_combined_ALL_ECONS_domestic_international_Target_20260526.xlsx,exact_region_match,2026-05-25,v2026_05_25_best_guess,True,Placeholder default. Replace with economy-specific researcher data when available.
Demand\Passenger road\Buses\ICE\LPG,Fuel Economy,Reference,Indonesia,default,transport_leap_export_default,transport_leap_export_combined_ALL_ECONS_domestic_international_Target_20260526.xlsx,exact_region_match,2026-05-25,v2026_05_25_best_guess,True,Placeholder default. Replace with economy-specific researcher data when available.
Demand\Passenger road\Buses\ICE\Motor gasoline,Fuel Economy,Reference,Indonesia,default,transport_leap_export_default,transport_leap_export_combined_ALL_ECONS_domestic_international_Target_20260526.xlsx,exact_region_match,2026-05-25,v2026_05_25_best_guess,True,Placeholder default. Replace with economy-specific researcher data when available.
Demand\Passenger road\Buses\ICE\Natural gas,Fuel Economy,Reference,Indonesia,default,transport_leap_export_default,transport_leap_export_combined_ALL_ECONS_domestic_international_Target_20260526.xlsx,exact_region_match,2026-05-25,v2026_05_25_best_guess,True,Placeholder default. Replace with economy-specific researcher data when available.
Demand\Passenger road\Buses\PHEV,Fuel Economy,Reference,Indonesia,default,default_best_guess,APERC placeholder road defaults,all_apec_economies_until_researcher_update,2026-05-25,v2026_05_25_best_guess,True,Placeholder default. Replace with economy-specific researcher data when available.
Demand\Passenger road\Buses\PHEV,Sales Share,Reference,Indonesia,default,transport_leap_export_default,transport_leap_export_combined_ALL_ECONS_domestic_international_Target_20260526.xlsx,exact_region_match,2026-05-25,v2026_05_25_best_guess,True,Placeholder default. Replace with economy-specific researcher data when available.
Demand\Passenger road\Buses\PHEV,Stock,Reference,Indonesia,default,default_best_guess,APERC placeholder road defaults,all_apec_economies_until_researcher_update,2026-05-25,v2026_05_25_best_guess,True,Placeholder default. Replace with economy-specific researcher data when available.
Demand\Passenger road\LPVs\BEV large,Sales Share,Reference,Indonesia,default,transport_leap_export_default,transport_leap_export_combined_ALL_ECONS_domestic_international_Target_20260526.xlsx,exact_region_match,2026-05-25,v2026_05_25_best_guess,True,Placeholder default. Replace with economy-specific researcher data when available.
Demand\Passenger road\LPVs\BEV large,Stock,Reference,Indonesia,default,default_best_guess,APERC placeholder road defaults,all_apec_economies_until_researcher_update,2026-05-25,v2026_05_25_best_guess,True,Placeholder default. Replace with economy-specific researcher data when available.
Demand\Passenger road\LPVs\BEV large\Electricity,Fuel Economy,Reference,Indonesia,default,transport_leap_export_default,transport_leap_export_combined_ALL_ECONS_domestic_international_Target_20260526.xlsx,exact_region_match,2026-05-25,v2026_05_25_best_guess,True,Placeholder default. Replace with economy-specific researcher data when available.
Demand\Passenger road\LPVs\BEV medium,Sales Share,Reference,Indonesia,default,transport_leap_export_default,transport_leap_export_combined_ALL_ECONS_domestic_international_Target_20260526.xlsx,exact_region_match,2026-05-25,v2026_05_25_best_guess,True,Placeholder default. Replace with economy-specific researcher data when available.
Demand\Passenger road\LPVs\BEV medium,Stock,Reference,Indonesia,default,default_best_guess,APERC placeholder road defaults,all_apec_economies_until_researcher_update,2026-05-25,v2026_05_25_best_guess,True,Placeholder default. Replace with economy-specific researcher data when available.
Demand\Passenger road\LPVs\BEV medium\Electricity,Fuel Economy,Reference,Indonesia,default,transport_leap_export_default,transport_leap_export_combined_ALL_ECONS_domestic_international_Target_20260526.xlsx,exact_region_match,2026-05-25,v2026_05_25_best_guess,True,Placeholder default. Replace with economy-specific researcher data when available.
Demand\Passenger road\LPVs\FCEV large,Sales Share,Reference,Indonesia,default,default_best_guess,APERC placeholder road defaults,all_apec_economies_until_researcher_update,2026-05-25,v2026_05_25_best_guess,True,Placeholder default. Replace with economy-specific researcher data when available.
Demand\Passenger road\LPVs\FCEV large,Stock,Reference,Indonesia,default,default_best_guess,APERC placeholder road defaults,all_apec_economies_until_researcher_update,2026-05-25,v2026_05_25_best_guess,True,Placeholder default. Replace with economy-specific researcher data when available.
Demand\Passenger road\LPVs\FCEV large\Hydrogen,Fuel Economy,Reference,Indonesia,default,default_best_guess,APERC placeholder road defaults,all_apec_economies_until_researcher_update,2026-05-25,v2026_05_25_best_guess,True,Placeholder default. Replace with economy-specific researcher data when available.
Demand\Passenger road\LPVs\FCEV medium,Sales Share,Reference,Indonesia,default,default_best_guess,APERC placeholder road defaults,all_apec_economies_until_researcher_update,2026-05-25,v2026_05_25_best_guess,True,Placeholder default. Replace with economy-specific researcher data when available.
Demand\Passenger road\LPVs\FCEV medium,Stock,Reference,Indonesia,default,default_best_guess,APERC placeholder road defaults,all_apec_economies_until_researcher_update,2026-05-25,v2026_05_25_best_guess,True,Placeholder default. Replace with economy-specific researcher data when available.
Demand\Passenger road\LPVs\FCEV medium\Hydrogen,Fuel Economy,Reference,Indonesia,default,default_best_guess,APERC placeholder road defaults,all_apec_economies_until_researcher_update,2026-05-25,v2026_05_25_best_guess,True,Placeholder default. Replace with economy-specific researcher data when available.
Demand\Passenger road\LPVs\HEV large,Sales Share,Reference,Indonesia,default,transport_leap_export_default,transport_leap_export_combined_ALL_ECONS_domestic_international_Target_20260526.xlsx,exact_region_match,2026-05-25,v2026_05_25_best_guess,True,Placeholder default. Replace with economy-specific researcher data when available.
Demand\Passenger road\LPVs\HEV large,Stock,Reference,Indonesia,default,default_best_guess,APERC placeholder road defaults,all_apec_economies_until_researcher_update,2026-05-25,v2026_05_25_best_guess,True,Placeholder default. Replace with economy-specific researcher data when available.
Demand\Passenger road\LPVs\HEV large\Motor gasoline,Fuel Economy,Reference,Indonesia,default,transport_leap_export_default,transport_leap_export_combined_ALL_ECONS_domestic_international_Target_20260526.xlsx,exact_region_match,2026-05-25,v2026_05_25_best_guess,True,Placeholder default. Replace with economy-specific researcher data when available.
Demand\Passenger road\LPVs\HEV medium,Sales Share,Reference,Indonesia,default,transport_leap_export_default,transport_leap_export_combined_ALL_ECONS_domestic_international_Target_20260526.xlsx,exact_region_match,2026-05-25,v2026_05_25_best_guess,True,Placeholder default. Replace with economy-specific researcher data when available.
Demand\Passenger road\LPVs\HEV medium,Stock,Reference,Indonesia,default,default_best_guess,APERC placeholder road defaults,all_apec_economies_until_researcher_update,2026-05-25,v2026_05_25_best_guess,True,Placeholder default. Replace with economy-specific researcher data when available.
Demand\Passenger road\LPVs\HEV medium\Motor gasoline,Fuel Economy,Reference,Indonesia,default,transport_leap_export_default,transport_leap_export_combined_ALL_ECONS_domestic_international_Target_20260526.xlsx,exact_region_match,2026-05-25,v2026_05_25_best_guess,True,Placeholder default. Replace with economy-specific researcher data when available.
Demand\Passenger road\LPVs\ICE large,Sales Share,Reference,Indonesia,default,transport_leap_export_default,transport_leap_export_combined_ALL_ECONS_domestic_international_Target_20260526.xlsx,exact_region_match,2026-05-25,v2026_05_25_best_guess,True,Placeholder default. Replace with economy-specific researcher data when available.
Demand\Passenger road\LPVs\ICE large,Stock,Reference,Indonesia,default,default_best_guess,APERC placeholder road defaults,all_apec_economies_until_researcher_update,2026-05-25,v2026_05_25_best_guess,True,Placeholder default. Replace with economy-specific researcher data when available.
Demand\Passenger road\LPVs\ICE large\Gas and diesel oil,Fuel Economy,Reference,Indonesia,default,transport_leap_export_default,transport_leap_export_combined_ALL_ECONS_domestic_international_Target_20260526.xlsx,exact_region_match,2026-05-25,v2026_05_25_best_guess,True,Placeholder default. Replace with economy-specific researcher data when available.
Demand\Passenger road\LPVs\ICE large\LPG,Fuel Economy,Reference,Indonesia,default,transport_leap_export_default,transport_leap_export_combined_ALL_ECONS_domestic_international_Target_20260526.xlsx,exact_region_match,2026-05-25,v2026_05_25_best_guess,True,Placeholder default. Replace with economy-specific researcher data when available.
Demand\Passenger road\LPVs\ICE large\Motor gasoline,Fuel Economy,Reference,Indonesia,default,transport_leap_export_default,transport_leap_export_combined_ALL_ECONS_domestic_international_Target_20260526.xlsx,exact_region_match,2026-05-25,v2026_05_25_best_guess,True,Placeholder default. Replace with economy-specific researcher data when available.
Demand\Passenger road\LPVs\ICE large\Natural gas,Fuel Economy,Reference,Indonesia,default,transport_leap_export_default,transport_leap_export_combined_ALL_ECONS_domestic_international_Target_20260526.xlsx,exact_region_match,2026-05-25,v2026_05_25_best_guess,True,Placeholder default. Replace with economy-specific researcher data when available.
Demand\Passenger road\LPVs\ICE medium,Sales Share,Reference,Indonesia,default,transport_leap_export_default,transport_leap_export_combined_ALL_ECONS_domestic_international_Target_20260526.xlsx,exact_region_match,2026-05-25,v2026_05_25_best_guess,True,Placeholder default. Replace with economy-specific researcher data when available.
Demand\Passenger road\LPVs\ICE medium,Stock,Reference,Indonesia,default,default_best_guess,APERC placeholder road defaults,all_apec_economies_until_researcher_update,2026-05-25,v2026_05_25_best_guess,True,Placeholder default. Replace with economy-specific researcher data when available.
Demand\Passenger road\LPVs\ICE medium\Gas and diesel oil,Fuel Economy,Reference,Indonesia,default,transport_leap_export_default,transport_leap_export_combined_ALL_ECONS_domestic_international_Target_20260526.xlsx,exact_region_match,2026-05-25,v2026_05_25_best_guess,True,Placeholder default. Replace with economy-specific researcher data when available.
Demand\Passenger road\LPVs\ICE medium\LPG,Fuel Economy,Reference,Indonesia,default,transport_leap_export_default,transport_leap_export_combined_ALL_ECONS_domestic_international_Target_20260526.xlsx,exact_region_match,2026-05-25,v2026_05_25_best_guess,True,Placeholder default. Replace with economy-specific researcher data when available.
Demand\Passenger road\LPVs\ICE medium\Motor gasoline,Fuel Economy,Reference,Indonesia,default,transport_leap_export_default,transport_leap_export_combined_ALL_ECONS_domestic_international_Target_20260526.xlsx,exact_region_match,2026-05-25,v2026_05_25_best_guess,True,Placeholder default. Replace with economy-specific researcher data when available.
Demand\Passenger road\LPVs\ICE medium\Natural gas,Fuel Economy,Reference,Indonesia,default,transport_leap_export_default,transport_leap_export_combined_ALL_ECONS_domestic_international_Target_20260526.xlsx,exact_region_match,2026-05-25,v2026_05_25_best_guess,True,Placeholder default. Replace with economy-specific researcher data when available.
Demand\Passenger road\LPVs\PHEV large,Fuel Economy,Reference,Indonesia,default,default_best_guess,APERC placeholder road defaults,all_apec_economies_until_researcher_update,2026-05-25,v2026_05_25_best_guess,True,Placeholder default. Replace with economy-specific researcher data when available.
Demand\Passenger road\LPVs\PHEV large,Sales Share,Reference,Indonesia,default,transport_leap_export_default,transport_leap_export_combined_ALL_ECONS_domestic_international_Target_20260526.xlsx,exact_region_match,2026-05-25,v2026_05_25_best_guess,True,Placeholder default. Replace with economy-specific researcher data when available.
Demand\Passenger road\LPVs\PHEV large,Stock,Reference,Indonesia,default,default_best_guess,APERC placeholder road defaults,all_apec_economies_until_researcher_update,2026-05-25,v2026_05_25_best_guess,True,Placeholder default. Replace with economy-specific researcher data when available.
Demand\Passenger road\LPVs\PHEV medium,Fuel Economy,Reference,Indonesia,default,default_best_guess,APERC placeholder road defaults,all_apec_economies_until_researcher_update,2026-05-25,v2026_05_25_best_guess,True,Placeholder default. Replace with economy-specific researcher data when available.
Demand\Passenger road\LPVs\PHEV medium,Sales Share,Reference,Indonesia,default,transport_leap_export_default,transport_leap_export_combined_ALL_ECONS_domestic_international_Target_20260526.xlsx,exact_region_match,2026-05-25,v2026_05_25_best_guess,True,Placeholder default. Replace with economy-specific researcher data when available.
Demand\Passenger road\LPVs\PHEV medium,Stock,Reference,Indonesia,default,default_best_guess,APERC placeholder road defaults,all_apec_economies_until_researcher_update,2026-05-25,v2026_05_25_best_guess,True,Placeholder default. Replace with economy-specific researcher data when available.
Demand\Passenger road\LPVs\Passenger cars,Mileage,Reference,Indonesia,default,default_best_guess,APERC placeholder road defaults,all_apec_economies_until_researcher_update,2026-05-25,v2026_05_25_best_guess,True,Placeholder default. Replace with economy-specific researcher data when available.
Demand\Passenger road\LPVs\Passenger cars,Vehicle Equivalent Weight,Reference,Indonesia,provided,apec_vehicle_equivalent_weights,apec_vehicle_equivalent_weights.csv,passenger_car,2026,v2026_05_25_best_guess,False,
Demand\Passenger road\LPVs\SUV and light trucks,Mileage,Reference,Indonesia,default,default_best_guess,APERC placeholder road defaults,all_apec_economies_until_researcher_update,2026-05-25,v2026_05_25_best_guess,True,Placeholder default. Replace with economy-specific researcher data when available.
Demand\Passenger road\LPVs\SUV and light trucks,Vehicle Equivalent Weight,Reference,Indonesia,provided,apec_vehicle_equivalent_weights,apec_vehicle_equivalent_weights.csv,suv_light_truck,2026,v2026_05_25_best_guess,False,
Demand\Passenger road\Motorcycles,Mileage,Reference,Indonesia,default,default_best_guess,APERC placeholder road defaults,all_apec_economies_until_researcher_update,2026-05-25,v2026_05_25_best_guess,True,Placeholder default. Replace with economy-specific researcher data when available.
Demand\Passenger road\Motorcycles,Vehicle Equivalent Weight,Reference,Indonesia,provided,apec_vehicle_equivalent_weights,apec_vehicle_equivalent_weights.csv,motorcycle,2026,v2026_05_25_best_guess,False,
Demand\Passenger road\Motorcycles\BEV,Sales Share,Reference,Indonesia,default,transport_leap_export_default,transport_leap_export_combined_ALL_ECONS_domestic_international_Target_20260526.xlsx,exact_region_match,2026-05-25,v2026_05_25_best_guess,True,Placeholder default. Replace with economy-specific researcher data when available.
Demand\Passenger road\Motorcycles\BEV,Stock,Reference,Indonesia,default,default_best_guess,APERC placeholder road defaults,all_apec_economies_until_researcher_update,2026-05-25,v2026_05_25_best_guess,True,Placeholder default. Replace with economy-specific researcher data when available.
Demand\Passenger road\Motorcycles\BEV\Electricity,Fuel Economy,Reference,Indonesia,default,transport_leap_export_default,transport_leap_export_combined_ALL_ECONS_domestic_international_Target_20260526.xlsx,exact_region_match,2026-05-25,v2026_05_25_best_guess,True,Placeholder default. Replace with economy-specific researcher data when available.
Demand\Passenger road\Motorcycles\ICE,Sales Share,Reference,Indonesia,default,transport_leap_export_default,transport_leap_export_combined_ALL_ECONS_domestic_international_Target_20260526.xlsx,exact_region_match,2026-05-25,v2026_05_25_best_guess,True,Placeholder default. Replace with economy-specific researcher data when available.
Demand\Passenger road\Motorcycles\ICE,Stock,Reference,Indonesia,default,default_best_guess,APERC placeholder road defaults,all_apec_economies_until_researcher_update,2026-05-25,v2026_05_25_best_guess,True,Placeholder default. Replace with economy-specific researcher data when available.
Demand\Passenger road\Motorcycles\ICE\Gas and diesel oil,Fuel Economy,Reference,Indonesia,default,transport_leap_export_default,transport_leap_export_combined_ALL_ECONS_domestic_international_Target_20260526.xlsx,exact_region_match,2026-05-25,v2026_05_25_best_guess,True,Placeholder default. Replace with economy-specific researcher data when available.
Demand\Passenger road\Motorcycles\ICE\LPG,Fuel Economy,Reference,Indonesia,default,default_best_guess,APERC placeholder road defaults,all_apec_economies_until_researcher_update,2026-05-25,v2026_05_25_best_guess,True,Placeholder default. Replace with economy-specific researcher data when available.
Demand\Passenger road\Motorcycles\ICE\Motor gasoline,Fuel Economy,Reference,Indonesia,default,transport_leap_export_default,transport_leap_export_combined_ALL_ECONS_domestic_international_Target_20260526.xlsx,exact_region_match,2026-05-25,v2026_05_25_best_guess,True,Placeholder default. Replace with economy-specific researcher data when available.
Demand\Passenger road\Motorcycles\ICE\Natural gas,Fuel Economy,Reference,Indonesia,default,default_best_guess,APERC placeholder road defaults,all_apec_economies_until_researcher_update,2026-05-25,v2026_05_25_best_guess,True,Placeholder default. Replace with economy-specific researcher data when available.
Demand\Passenger road\PHEV,PHEV Electric Driving Share,Reference,Indonesia,provided,apec_phev_utilisation_rates,apec_phev_utilisation_rates.csv,07INA,2025,v2026_05_25_best_guess,False,
