default_version,economy,file_type,path
v2026_05_25_best_guess,01AUS,input_workbook,C:\Users\Work\github\multinode_energy_balance\back-end\outputs\road_module1_defaults\v2026_05_25_best_guess\01AUS\road_module1_inputs_01AUS.xlsx
v2026_05_25_best_guess,01AUS,cleaned_inputs,C:\Users\Work\github\multinode_energy_balance\back-end\outputs\road_module1_defaults\v2026_05_25_best_guess\01AUS\road_module1_cleaned_inputs.csv
v2026_05_25_best_guess,01AUS,default_filled_inputs,C:\Users\Work\github\multinode_energy_balance\back-end\outputs\road_module1_defaults\v2026_05_25_best_guess\01AUS\road_module1_default_filled_inputs.csv
v2026_05_25_best_guess,01AUS,source_flags,C:\Users\Work\github\multinode_energy_balance\back-end\outputs\road_module1_defaults\v2026_05_25_best_guess\01AUS\road_module1_source_flags.csv
v2026_05_25_best_guess,01AUS,missing_data_report,C:\Users\Work\github\multinode_energy_balance\back-end\outputs\road_module1_defaults\v2026_05_25_best_guess\01AUS\road_module1_missing_data_report.csv
v2026_05_25_best_guess,01AUS,unit_check_report,C:\Users\Work\github\multinode_energy_balance\back-end\outputs\road_module1_defaults\v2026_05_25_best_guess\01AUS\road_module1_unit_check_report.csv
v2026_05_25_best_guess,01AUS,structure_validation_report,C:\Users\Work\github\multinode_energy_balance\back-end\outputs\road_module1_defaults\v2026_05_25_best_guess\01AUS\road_module1_structure_validation_report.csv
v2026_05_25_best_guess,01AUS,workbook_structure_validation_report,C:\Users\Work\github\multinode_energy_balance\back-end\outputs\road_module1_defaults\v2026_05_25_best_guess\01AUS\road_module1_workbook_structure_validation_report.csv
v2026_05_25_best_guess,01AUS,researcher_review_flags,C:\Users\Work\github\multinode_energy_balance\back-end\outputs\road_module1_defaults\v2026_05_25_best_guess\01AUS\road_module1_researcher_review_flags.csv
v2026_05_25_best_guess,01AUS,transport_leap_overlay_report,C:\Users\Work\github\multinode_energy_balance\back-end\outputs\road_module1_defaults\v2026_05_25_best_guess\01AUS\road_module1_transport_leap_overlay_report.csv
v2026_05_25_best_guess,01AUS,default_catalog,C:\Users\Work\github\multinode_energy_balance\back-end\outputs\road_module1_defaults\v2026_05_25_best_guess\road_module1_default_assumptions_catalog.csv
v2026_05_25_best_guess,01AUS,input_schema_contract,C:\Users\Work\github\multinode_energy_balance\back-end\outputs\road_module1_defaults\v2026_05_25_best_guess\road_module1_input_schema_contract.csv
v2026_05_25_best_guess,02BD,input_workbook,C:\Users\Work\github\multinode_energy_balance\back-end\outputs\road_module1_defaults\v2026_05_25_best_guess\02BD\road_module1_inputs_02BD.xlsx
v2026_05_25_best_guess,02BD,cleaned_inputs,C:\Users\Work\github\multinode_energy_balance\back-end\outputs\road_module1_defaults\v2026_05_25_best_guess\02BD\road_module1_cleaned_inputs.csv
v2026_05_25_best_guess,02BD,default_filled_inputs,C:\Users\Work\github\multinode_energy_balance\back-end\outputs\road_module1_defaults\v2026_05_25_best_guess\02BD\road_module1_default_filled_inputs.csv
v2026_05_25_best_guess,02BD,source_flags,C:\Users\Work\github\multinode_energy_balance\back-end\outputs\road_module1_defaults\v2026_05_25_best_guess\02BD\road_module1_source_flags.csv
v2026_05_25_best_guess,02BD,missing_data_report,C:\Users\Work\github\multinode_energy_balance\back-end\outputs\road_module1_defaults\v2026_05_25_best_guess\02BD\road_module1_missing_data_report.csv
v2026_05_25_best_guess,02BD,unit_check_report,C:\Users\Work\github\multinode_energy_balance\back-end\outputs\road_module1_defaults\v2026_05_25_best_guess\02BD\road_module1_unit_check_report.csv
v2026_05_25_best_guess,02BD,structure_validation_report,C:\Users\Work\github\multinode_energy_balance\back-end\outputs\road_module1_defaults\v2026_05_25_best_guess\02BD\road_module1_structure_validation_report.csv
v2026_05_25_best_guess,02BD,workbook_structure_validation_report,C:\Users\Work\github\multinode_energy_balance\back-end\outputs\road_module1_defaults\v2026_05_25_best_guess\02BD\road_module1_workbook_structure_validation_report.csv
v2026_05_25_best_guess,02BD,researcher_review_flags,C:\Users\Work\github\multinode_energy_balance\back-end\outputs\road_module1_defaults\v2026_05_25_best_guess\02BD\road_module1_researcher_review_flags.csv
v2026_05_25_best_guess,02BD,transport_leap_overlay_report,C:\Users\Work\github\multinode_energy_balance\back-end\outputs\road_module1_defaults\v2026_05_25_best_guess\02BD\road_module1_transport_leap_overlay_report.csv
v2026_05_25_best_guess,02BD,default_catalog,C:\Users\Work\github\multinode_energy_balance\back-end\outputs\road_module1_defaults\v2026_05_25_best_guess\road_module1_default_assumptions_catalog.csv
v2026_05_25_best_guess,02BD,input_schema_contract,C:\Users\Work\github\multinode_energy_balance\back-end\outputs\road_module1_defaults\v2026_05_25_best_guess\road_module1_input_schema_contract.csv
v2026_05_25_best_guess,03CDA,input_workbook,C:\Users\Work\github\multinode_energy_balance\back-end\outputs\road_module1_defaults\v2026_05_25_best_guess\03CDA\road_module1_inputs_03CDA.xlsx
v2026_05_25_best_guess,03CDA,cleaned_inputs,C:\Users\Work\github\multinode_energy_balance\back-end\outputs\road_module1_defaults\v2026_05_25_best_guess\03CDA\road_module1_cleaned_inputs.csv
v2026_05_25_best_guess,03CDA,default_filled_inputs,C:\Users\Work\github\multinode_energy_balance\back-end\outputs\road_module1_defaults\v2026_05_25_best_guess\03CDA\road_module1_default_filled_inputs.csv
v2026_05_25_best_guess,03CDA,source_flags,C:\Users\Work\github\multinode_energy_balance\back-end\outputs\road_module1_defaults\v2026_05_25_best_guess\03CDA\road_module1_source_flags.csv
v2026_05_25_best_guess,03CDA,missing_data_report,C:\Users\Work\github\multinode_energy_balance\back-end\outputs\road_module1_defaults\v2026_05_25_best_guess\03CDA\road_module1_missing_data_report.csv
v2026_05_25_best_guess,03CDA,unit_check_report,C:\Users\Work\github\multinode_energy_balance\back-end\outputs\road_module1_defaults\v2026_05_25_best_guess\03CDA\road_module1_unit_check_report.csv
v2026_05_25_best_guess,03CDA,structure_validation_report,C:\Users\Work\github\multinode_energy_balance\back-end\outputs\road_module1_defaults\v2026_05_25_best_guess\03CDA\road_module1_structure_validation_report.csv
v2026_05_25_best_guess,03CDA,workbook_structure_validation_report,C:\Users\Work\github\multinode_energy_balance\back-end\outputs\road_module1_defaults\v2026_05_25_best_guess\03CDA\road_module1_workbook_structure_validation_report.csv
v2026_05_25_best_guess,03CDA,researcher_review_flags,C:\Users\Work\github\multinode_energy_balance\back-end\outputs\road_module1_defaults\v2026_05_25_best_guess\03CDA\road_module1_researcher_review_flags.csv
v2026_05_25_best_guess,03CDA,transport_leap_overlay_report,C:\Users\Work\github\multinode_energy_balance\back-end\outputs\road_module1_defaults\v2026_05_25_best_guess\03CDA\road_module1_transport_leap_overlay_report.csv
v2026_05_25_best_guess,03CDA,default_catalog,C:\Users\Work\github\multinode_energy_balance\back-end\outputs\road_module1_defaults\v2026_05_25_best_guess\road_module1_default_assumptions_catalog.csv
v2026_05_25_best_guess,03CDA,input_schema_contract,C:\Users\Work\github\multinode_energy_balance\back-end\outputs\road_module1_defaults\v2026_05_25_best_guess\road_module1_input_schema_contract.csv
v2026_05_25_best_guess,04CHL,input_workbook,C:\Users\Work\github\multinode_energy_balance\back-end\outputs\road_module1_defaults\v2026_05_25_best_guess\04CHL\road_module1_inputs_04CHL.xlsx
v2026_05_25_best_guess,04CHL,cleaned_inputs,C:\Users\Work\github\multinode_energy_balance\back-end\outputs\road_module1_defaults\v2026_05_25_best_guess\04CHL\road_module1_cleaned_inputs.csv
v2026_05_25_best_guess,04CHL,default_filled_inputs,C:\Users\Work\github\multinode_energy_balance\back-end\outputs\road_module1_defaults\v2026_05_25_best_guess\04CHL\road_module1_default_filled_inputs.csv
v2026_05_25_best_guess,04CHL,source_flags,C:\Users\Work\github\multinode_energy_balance\back-end\outputs\road_module1_defaults\v2026_05_25_best_guess\04CHL\road_module1_source_flags.csv
v2026_05_25_best_guess,04CHL,missing_data_report,C:\Users\Work\github\multinode_energy_balance\back-end\outputs\road_module1_defaults\v2026_05_25_best_guess\04CHL\road_module1_missing_data_report.csv
v2026_05_25_best_guess,04CHL,unit_check_report,C:\Users\Work\github\multinode_energy_balance\back-end\outputs\road_module1_defaults\v2026_05_25_best_guess\04CHL\road_module1_unit_check_report.csv
v2026_05_25_best_guess,04CHL,structure_validation_report,C:\Users\Work\github\multinode_energy_balance\back-end\outputs\road_module1_defaults\v2026_05_25_best_guess\04CHL\road_module1_structure_validation_report.csv
v2026_05_25_best_guess,04CHL,workbook_structure_validation_report,C:\Users\Work\github\multinode_energy_balance\back-end\outputs\road_module1_defaults\v2026_05_25_best_guess\04CHL\road_module1_workbook_structure_validation_report.csv
v2026_05_25_best_guess,04CHL,researcher_review_flags,C:\Users\Work\github\multinode_energy_balance\back-end\outputs\road_module1_defaults\v2026_05_25_best_guess\04CHL\road_module1_researcher_review_flags.csv
v2026_05_25_best_guess,04CHL,transport_leap_overlay_report,C:\Users\Work\github\multinode_energy_balance\back-end\outputs\road_module1_defaults\v2026_05_25_best_guess\04CHL\road_module1_transport_leap_overlay_report.csv
v2026_05_25_best_guess,04CHL,default_catalog,C:\Users\Work\github\multinode_energy_balance\back-end\outputs\road_module1_defaults\v2026_05_25_best_guess\road_module1_default_assumptions_catalog.csv
v2026_05_25_best_guess,04CHL,input_schema_contract,C:\Users\Work\github\multinode_energy_balance\back-end\outputs\road_module1_defaults\v2026_05_25_best_guess\road_module1_input_schema_contract.csv
v2026_05_25_best_guess,05PRC,input_workbook,C:\Users\Work\github\multinode_energy_balance\back-end\outputs\road_module1_defaults\v2026_05_25_best_guess\05PRC\road_module1_inputs_05PRC.xlsx
v2026_05_25_best_guess,05PRC,cleaned_inputs,C:\Users\Work\github\multinode_energy_balance\back-end\outputs\road_module1_defaults\v2026_05_25_best_guess\05PRC\road_module1_cleaned_inputs.csv
v2026_05_25_best_guess,05PRC,default_filled_inputs,C:\Users\Work\github\multinode_energy_balance\back-end\outputs\road_module1_defaults\v2026_05_25_best_guess\05PRC\road_module1_default_filled_inputs.csv
v2026_05_25_best_guess,05PRC,source_flags,C:\Users\Work\github\multinode_energy_balance\back-end\outputs\road_module1_defaults\v2026_05_25_best_guess\05PRC\road_module1_source_flags.csv
v2026_05_25_best_guess,05PRC,missing_data_report,C:\Users\Work\github\multinode_energy_balance\back-end\outputs\road_module1_defaults\v2026_05_25_best_guess\05PRC\road_module1_missing_data_report.csv
v2026_05_25_best_guess,05PRC,unit_check_report,C:\Users\Work\github\multinode_energy_balance\back-end\outputs\road_module1_defaults\v2026_05_25_best_guess\05PRC\road_module1_unit_check_report.csv
v2026_05_25_best_guess,05PRC,structure_validation_report,C:\Users\Work\github\multinode_energy_balance\back-end\outputs\road_module1_defaults\v2026_05_25_best_guess\05PRC\road_module1_structure_validation_report.csv
v2026_05_25_best_guess,05PRC,workbook_structure_validation_report,C:\Users\Work\github\multinode_energy_balance\back-end\outputs\road_module1_defaults\v2026_05_25_best_guess\05PRC\road_module1_workbook_structure_validation_report.csv
v2026_05_25_best_guess,05PRC,researcher_review_flags,C:\Users\Work\github\multinode_energy_balance\back-end\outputs\road_module1_defaults\v2026_05_25_best_guess\05PRC\road_module1_researcher_review_flags.csv
v2026_05_25_best_guess,05PRC,transport_leap_overlay_report,C:\Users\Work\github\multinode_energy_balance\back-end\outputs\road_module1_defaults\v2026_05_25_best_guess\05PRC\road_module1_transport_leap_overlay_report.csv
v2026_05_25_best_guess,05PRC,default_catalog,C:\Users\Work\github\multinode_energy_balance\back-end\outputs\road_module1_defaults\v2026_05_25_best_guess\road_module1_default_assumptions_catalog.csv
v2026_05_25_best_guess,05PRC,input_schema_contract,C:\Users\Work\github\multinode_energy_balance\back-end\outputs\road_module1_defaults\v2026_05_25_best_guess\road_module1_input_schema_contract.csv
v2026_05_25_best_guess,06HKC,input_workbook,C:\Users\Work\github\multinode_energy_balance\back-end\outputs\road_module1_defaults\v2026_05_25_best_guess\06HKC\road_module1_inputs_06HKC.xlsx
v2026_05_25_best_guess,06HKC,cleaned_inputs,C:\Users\Work\github\multinode_energy_balance\back-end\outputs\road_module1_defaults\v2026_05_25_best_guess\06HKC\road_module1_cleaned_inputs.csv
v2026_05_25_best_guess,06HKC,default_filled_inputs,C:\Users\Work\github\multinode_energy_balance\back-end\outputs\road_module1_defaults\v2026_05_25_best_guess\06HKC\road_module1_default_filled_inputs.csv
v2026_05_25_best_guess,06HKC,source_flags,C:\Users\Work\github\multinode_energy_balance\back-end\outputs\road_module1_defaults\v2026_05_25_best_guess\06HKC\road_module1_source_flags.csv
v2026_05_25_best_guess,06HKC,missing_data_report,C:\Users\Work\github\multinode_energy_balance\back-end\outputs\road_module1_defaults\v2026_05_25_best_guess\06HKC\road_module1_missing_data_report.csv
v2026_05_25_best_guess,06HKC,unit_check_report,C:\Users\Work\github\multinode_energy_balance\back-end\outputs\road_module1_defaults\v2026_05_25_best_guess\06HKC\road_module1_unit_check_report.csv
v2026_05_25_best_guess,06HKC,structure_validation_report,C:\Users\Work\github\multinode_energy_balance\back-end\outputs\road_module1_defaults\v2026_05_25_best_guess\06HKC\road_module1_structure_validation_report.csv
v2026_05_25_best_guess,06HKC,workbook_structure_validation_report,C:\Users\Work\github\multinode_energy_balance\back-end\outputs\road_module1_defaults\v2026_05_25_best_guess\06HKC\road_module1_workbook_structure_validation_report.csv
v2026_05_25_best_guess,06HKC,researcher_review_flags,C:\Users\Work\github\multinode_energy_balance\back-end\outputs\road_module1_defaults\v2026_05_25_best_guess\06HKC\road_module1_researcher_review_flags.csv
v2026_05_25_best_guess,06HKC,transport_leap_overlay_report,C:\Users\Work\github\multinode_energy_balance\back-end\outputs\road_module1_defaults\v2026_05_25_best_guess\06HKC\road_module1_transport_leap_overlay_report.csv
v2026_05_25_best_guess,06HKC,default_catalog,C:\Users\Work\github\multinode_energy_balance\back-end\outputs\road_module1_defaults\v2026_05_25_best_guess\road_module1_default_assumptions_catalog.csv
v2026_05_25_best_guess,06HKC,input_schema_contract,C:\Users\Work\github\multinode_energy_balance\back-end\outputs\road_module1_defaults\v2026_05_25_best_guess\road_module1_input_schema_contract.csv
v2026_05_25_best_guess,07INA,input_workbook,C:\Users\Work\github\multinode_energy_balance\back-end\outputs\road_module1_defaults\v2026_05_25_best_guess\07INA\road_module1_inputs_07INA.xlsx
v2026_05_25_best_guess,07INA,cleaned_inputs,C:\Users\Work\github\multinode_energy_balance\back-end\outputs\road_module1_defaults\v2026_05_25_best_guess\07INA\road_module1_cleaned_inputs.csv
v2026_05_25_best_guess,07INA,default_filled_inputs,C:\Users\Work\github\multinode_energy_balance\back-end\outputs\road_module1_defaults\v2026_05_25_best_guess\07INA\road_module1_default_filled_inputs.csv
v2026_05_25_best_guess,07INA,source_flags,C:\Users\Work\github\multinode_energy_balance\back-end\outputs\road_module1_defaults\v2026_05_25_best_guess\07INA\road_module1_source_flags.csv
v2026_05_25_best_guess,07INA,missing_data_report,C:\Users\Work\github\multinode_energy_balance\back-end\outputs\road_module1_defaults\v2026_05_25_best_guess\07INA\road_module1_missing_data_report.csv
v2026_05_25_best_guess,07INA,unit_check_report,C:\Users\Work\github\multinode_energy_balance\back-end\outputs\road_module1_defaults\v2026_05_25_best_guess\07INA\road_module1_unit_check_report.csv
v2026_05_25_best_guess,07INA,structure_validation_report,C:\Users\Work\github\multinode_energy_balance\back-end\outputs\road_module1_defaults\v2026_05_25_best_guess\07INA\road_module1_structure_validation_report.csv
v2026_05_25_best_guess,07INA,workbook_structure_validation_report,C:\Users\Work\github\multinode_energy_balance\back-end\outputs\road_module1_defaults\v2026_05_25_best_guess\07INA\road_module1_workbook_structure_validation_report.csv
v2026_05_25_best_guess,07INA,researcher_review_flags,C:\Users\Work\github\multinode_energy_balance\back-end\outputs\road_module1_defaults\v2026_05_25_best_guess\07INA\road_module1_researcher_review_flags.csv
v2026_05_25_best_guess,07INA,transport_leap_overlay_report,C:\Users\Work\github\multinode_energy_balance\back-end\outputs\road_module1_defaults\v2026_05_25_best_guess\07INA\road_module1_transport_leap_overlay_report.csv
v2026_05_25_best_guess,07INA,default_catalog,C:\Users\Work\github\multinode_energy_balance\back-end\outputs\road_module1_defaults\v2026_05_25_best_guess\road_module1_default_assumptions_catalog.csv
v2026_05_25_best_guess,07INA,input_schema_contract,C:\Users\Work\github\multinode_energy_balance\back-end\outputs\road_module1_defaults\v2026_05_25_best_guess\road_module1_input_schema_contract.csv
v2026_05_25_best_guess,08JPN,input_workbook,C:\Users\Work\github\multinode_energy_balance\back-end\outputs\road_module1_defaults\v2026_05_25_best_guess\08JPN\road_module1_inputs_08JPN.xlsx
v2026_05_25_best_guess,08JPN,cleaned_inputs,C:\Users\Work\github\multinode_energy_balance\back-end\outputs\road_module1_defaults\v2026_05_25_best_guess\08JPN\road_module1_cleaned_inputs.csv
v2026_05_25_best_guess,08JPN,default_filled_inputs,C:\Users\Work\github\multinode_energy_balance\back-end\outputs\road_module1_defaults\v2026_05_25_best_guess\08JPN\road_module1_default_filled_inputs.csv
v2026_05_25_best_guess,08JPN,source_flags,C:\Users\Work\github\multinode_energy_balance\back-end\outputs\road_module1_defaults\v2026_05_25_best_guess\08JPN\road_module1_source_flags.csv
v2026_05_25_best_guess,08JPN,missing_data_report,C:\Users\Work\github\multinode_energy_balance\back-end\outputs\road_module1_defaults\v2026_05_25_best_guess\08JPN\road_module1_missing_data_report.csv
v2026_05_25_best_guess,08JPN,unit_check_report,C:\Users\Work\github\multinode_energy_balance\back-end\outputs\road_module1_defaults\v2026_05_25_best_guess\08JPN\road_module1_unit_check_report.csv
v2026_05_25_best_guess,08JPN,structure_validation_report,C:\Users\Work\github\multinode_energy_balance\back-end\outputs\road_module1_defaults\v2026_05_25_best_guess\08JPN\road_module1_structure_validation_report.csv
v2026_05_25_best_guess,08JPN,workbook_structure_validation_report,C:\Users\Work\github\multinode_energy_balance\back-end\outputs\road_module1_defaults\v2026_05_25_best_guess\08JPN\road_module1_workbook_structure_validation_report.csv
v2026_05_25_best_guess,08JPN,researcher_review_flags,C:\Users\Work\github\multinode_energy_balance\back-end\outputs\road_module1_defaults\v2026_05_25_best_guess\08JPN\road_module1_researcher_review_flags.csv
v2026_05_25_best_guess,08JPN,transport_leap_overlay_report,C:\Users\Work\github\multinode_energy_balance\back-end\outputs\road_module1_defaults\v2026_05_25_best_guess\08JPN\road_module1_transport_leap_overlay_report.csv
v2026_05_25_best_guess,08JPN,default_catalog,C:\Users\Work\github\multinode_energy_balance\back-end\outputs\road_module1_defaults\v2026_05_25_best_guess\road_module1_default_assumptions_catalog.csv
v2026_05_25_best_guess,08JPN,input_schema_contract,C:\Users\Work\github\multinode_energy_balance\back-end\outputs\road_module1_defaults\v2026_05_25_best_guess\road_module1_input_schema_contract.csv
v2026_05_25_best_guess,09ROK,input_workbook,C:\Users\Work\github\multinode_energy_balance\back-end\outputs\road_module1_defaults\v2026_05_25_best_guess\09ROK\road_module1_inputs_09ROK.xlsx
v2026_05_25_best_guess,09ROK,cleaned_inputs,C:\Users\Work\github\multinode_energy_balance\back-end\outputs\road_module1_defaults\v2026_05_25_best_guess\09ROK\road_module1_cleaned_inputs.csv
v2026_05_25_best_guess,09ROK,default_filled_inputs,C:\Users\Work\github\multinode_energy_balance\back-end\outputs\road_module1_defaults\v2026_05_25_best_guess\09ROK\road_module1_default_filled_inputs.csv
v2026_05_25_best_guess,09ROK,source_flags,C:\Users\Work\github\multinode_energy_balance\back-end\outputs\road_module1_defaults\v2026_05_25_best_guess\09ROK\road_module1_source_flags.csv
v2026_05_25_best_guess,09ROK,missing_data_report,C:\Users\Work\github\multinode_energy_balance\back-end\outputs\road_module1_defaults\v2026_05_25_best_guess\09ROK\road_module1_missing_data_report.csv
v2026_05_25_best_guess,09ROK,unit_check_report,C:\Users\Work\github\multinode_energy_balance\back-end\outputs\road_module1_defaults\v2026_05_25_best_guess\09ROK\road_module1_unit_check_report.csv
v2026_05_25_best_guess,09ROK,structure_validation_report,C:\Users\Work\github\multinode_energy_balance\back-end\outputs\road_module1_defaults\v2026_05_25_best_guess\09ROK\road_module1_structure_validation_report.csv
v2026_05_25_best_guess,09ROK,workbook_structure_validation_report,C:\Users\Work\github\multinode_energy_balance\back-end\outputs\road_module1_defaults\v2026_05_25_best_guess\09ROK\road_module1_workbook_structure_validation_report.csv
v2026_05_25_best_guess,09ROK,researcher_review_flags,C:\Users\Work\github\multinode_energy_balance\back-end\outputs\road_module1_defaults\v2026_05_25_best_guess\09ROK\road_module1_researcher_review_flags.csv
v2026_05_25_best_guess,09ROK,transport_leap_overlay_report,C:\Users\Work\github\multinode_energy_balance\back-end\outputs\road_module1_defaults\v2026_05_25_best_guess\09ROK\road_module1_transport_leap_overlay_report.csv
v2026_05_25_best_guess,09ROK,default_catalog,C:\Users\Work\github\multinode_energy_balance\back-end\outputs\road_module1_defaults\v2026_05_25_best_guess\road_module1_default_assumptions_catalog.csv
v2026_05_25_best_guess,09ROK,input_schema_contract,C:\Users\Work\github\multinode_energy_balance\back-end\outputs\road_module1_defaults\v2026_05_25_best_guess\road_module1_input_schema_contract.csv
v2026_05_25_best_guess,10MAS,input_workbook,C:\Users\Work\github\multinode_energy_balance\back-end\outputs\road_module1_defaults\v2026_05_25_best_guess\10MAS\road_module1_inputs_10MAS.xlsx
v2026_05_25_best_guess,10MAS,cleaned_inputs,C:\Users\Work\github\multinode_energy_balance\back-end\outputs\road_module1_defaults\v2026_05_25_best_guess\10MAS\road_module1_cleaned_inputs.csv
v2026_05_25_best_guess,10MAS,default_filled_inputs,C:\Users\Work\github\multinode_energy_balance\back-end\outputs\road_module1_defaults\v2026_05_25_best_guess\10MAS\road_module1_default_filled_inputs.csv
v2026_05_25_best_guess,10MAS,source_flags,C:\Users\Work\github\multinode_energy_balance\back-end\outputs\road_module1_defaults\v2026_05_25_best_guess\10MAS\road_module1_source_flags.csv
v2026_05_25_best_guess,10MAS,missing_data_report,C:\Users\Work\github\multinode_energy_balance\back-end\outputs\road_module1_defaults\v2026_05_25_best_guess\10MAS\road_module1_missing_data_report.csv
v2026_05_25_best_guess,10MAS,unit_check_report,C:\Users\Work\github\multinode_energy_balance\back-end\outputs\road_module1_defaults\v2026_05_25_best_guess\10MAS\road_module1_unit_check_report.csv
v2026_05_25_best_guess,10MAS,structure_validation_report,C:\Users\Work\github\multinode_energy_balance\back-end\outputs\road_module1_defaults\v2026_05_25_best_guess\10MAS\road_module1_structure_validation_report.csv
v2026_05_25_best_guess,10MAS,workbook_structure_validation_report,C:\Users\Work\github\multinode_energy_balance\back-end\outputs\road_module1_defaults\v2026_05_25_best_guess\10MAS\road_module1_workbook_structure_validation_report.csv
v2026_05_25_best_guess,10MAS,researcher_review_flags,C:\Users\Work\github\multinode_energy_balance\back-end\outputs\road_module1_defaults\v2026_05_25_best_guess\10MAS\road_module1_researcher_review_flags.csv
v2026_05_25_best_guess,10MAS,transport_leap_overlay_report,C:\Users\Work\github\multinode_energy_balance\back-end\outputs\road_module1_defaults\v2026_05_25_best_guess\10MAS\road_module1_transport_leap_overlay_report.csv
v2026_05_25_best_guess,10MAS,default_catalog,C:\Users\Work\github\multinode_energy_balance\back-end\outputs\road_module1_defaults\v2026_05_25_best_guess\road_module1_default_assumptions_catalog.csv
v2026_05_25_best_guess,10MAS,input_schema_contract,C:\Users\Work\github\multinode_energy_balance\back-end\outputs\road_module1_defaults\v2026_05_25_best_guess\road_module1_input_schema_contract.csv
v2026_05_25_best_guess,11MEX,input_workbook,C:\Users\Work\github\multinode_energy_balance\back-end\outputs\road_module1_defaults\v2026_05_25_best_guess\11MEX\road_module1_inputs_11MEX.xlsx
v2026_05_25_best_guess,11MEX,cleaned_inputs,C:\Users\Work\github\multinode_energy_balance\back-end\outputs\road_module1_defaults\v2026_05_25_best_guess\11MEX\road_module1_cleaned_inputs.csv
v2026_05_25_best_guess,11MEX,default_filled_inputs,C:\Users\Work\github\multinode_energy_balance\back-end\outputs\road_module1_defaults\v2026_05_25_best_guess\11MEX\road_module1_default_filled_inputs.csv
v2026_05_25_best_guess,11MEX,source_flags,C:\Users\Work\github\multinode_energy_balance\back-end\outputs\road_module1_defaults\v2026_05_25_best_guess\11MEX\road_module1_source_flags.csv
v2026_05_25_best_guess,11MEX,missing_data_report,C:\Users\Work\github\multinode_energy_balance\back-end\outputs\road_module1_defaults\v2026_05_25_best_guess\11MEX\road_module1_missing_data_report.csv
v2026_05_25_best_guess,11MEX,unit_check_report,C:\Users\Work\github\multinode_energy_balance\back-end\outputs\road_module1_defaults\v2026_05_25_best_guess\11MEX\road_module1_unit_check_report.csv
v2026_05_25_best_guess,11MEX,structure_validation_report,C:\Users\Work\github\multinode_energy_balance\back-end\outputs\road_module1_defaults\v2026_05_25_best_guess\11MEX\road_module1_structure_validation_report.csv
v2026_05_25_best_guess,11MEX,workbook_structure_validation_report,C:\Users\Work\github\multinode_energy_balance\back-end\outputs\road_module1_defaults\v2026_05_25_best_guess\11MEX\road_module1_workbook_structure_validation_report.csv
v2026_05_25_best_guess,11MEX,researcher_review_flags,C:\Users\Work\github\multinode_energy_balance\back-end\outputs\road_module1_defaults\v2026_05_25_best_guess\11MEX\road_module1_researcher_review_flags.csv
v2026_05_25_best_guess,11MEX,transport_leap_overlay_report,C:\Users\Work\github\multinode_energy_balance\back-end\outputs\road_module1_defaults\v2026_05_25_best_guess\11MEX\road_module1_transport_leap_overlay_report.csv
v2026_05_25_best_guess,11MEX,default_catalog,C:\Users\Work\github\multinode_energy_balance\back-end\outputs\road_module1_defaults\v2026_05_25_best_guess\road_module1_default_assumptions_catalog.csv
v2026_05_25_best_guess,11MEX,input_schema_contract,C:\Users\Work\github\multinode_energy_balance\back-end\outputs\road_module1_defaults\v2026_05_25_best_guess\road_module1_input_schema_contract.csv
v2026_05_25_best_guess,12NZ,input_workbook,C:\Users\Work\github\multinode_energy_balance\back-end\outputs\road_module1_defaults\v2026_05_25_best_guess\12NZ\road_module1_inputs_12NZ.xlsx
v2026_05_25_best_guess,12NZ,cleaned_inputs,C:\Users\Work\github\multinode_energy_balance\back-end\outputs\road_module1_defaults\v2026_05_25_best_guess\12NZ\road_module1_cleaned_inputs.csv
v2026_05_25_best_guess,12NZ,default_filled_inputs,C:\Users\Work\github\multinode_energy_balance\back-end\outputs\road_module1_defaults\v2026_05_25_best_guess\12NZ\road_module1_default_filled_inputs.csv
v2026_05_25_best_guess,12NZ,source_flags,C:\Users\Work\github\multinode_energy_balance\back-end\outputs\road_module1_defaults\v2026_05_25_best_guess\12NZ\road_module1_source_flags.csv
v2026_05_25_best_guess,12NZ,missing_data_report,C:\Users\Work\github\multinode_energy_balance\back-end\outputs\road_module1_defaults\v2026_05_25_best_guess\12NZ\road_module1_missing_data_report.csv
v2026_05_25_best_guess,12NZ,unit_check_report,C:\Users\Work\github\multinode_energy_balance\back-end\outputs\road_module1_defaults\v2026_05_25_best_guess\12NZ\road_module1_unit_check_report.csv
v2026_05_25_best_guess,12NZ,structure_validation_report,C:\Users\Work\github\multinode_energy_balance\back-end\outputs\road_module1_defaults\v2026_05_25_best_guess\12NZ\road_module1_structure_validation_report.csv
v2026_05_25_best_guess,12NZ,workbook_structure_validation_report,C:\Users\Work\github\multinode_energy_balance\back-end\outputs\road_module1_defaults\v2026_05_25_best_guess\12NZ\road_module1_workbook_structure_validation_report.csv
v2026_05_25_best_guess,12NZ,researcher_review_flags,C:\Users\Work\github\multinode_energy_balance\back-end\outputs\road_module1_defaults\v2026_05_25_best_guess\12NZ\road_module1_researcher_review_flags.csv
v2026_05_25_best_guess,12NZ,transport_leap_overlay_report,C:\Users\Work\github\multinode_energy_balance\back-end\outputs\road_module1_defaults\v2026_05_25_best_guess\12NZ\road_module1_transport_leap_overlay_report.csv
v2026_05_25_best_guess,12NZ,default_catalog,C:\Users\Work\github\multinode_energy_balance\back-end\outputs\road_module1_defaults\v2026_05_25_best_guess\road_module1_default_assumptions_catalog.csv
v2026_05_25_best_guess,12NZ,input_schema_contract,C:\Users\Work\github\multinode_energy_balance\back-end\outputs\road_module1_defaults\v2026_05_25_best_guess\road_module1_input_schema_contract.csv
v2026_05_25_best_guess,13PNG,input_workbook,C:\Users\Work\github\multinode_energy_balance\back-end\outputs\road_module1_defaults\v2026_05_25_best_guess\13PNG\road_module1_inputs_13PNG.xlsx
v2026_05_25_best_guess,13PNG,cleaned_inputs,C:\Users\Work\github\multinode_energy_balance\back-end\outputs\road_module1_defaults\v2026_05_25_best_guess\13PNG\road_module1_cleaned_inputs.csv
v2026_05_25_best_guess,13PNG,default_filled_inputs,C:\Users\Work\github\multinode_energy_balance\back-end\outputs\road_module1_defaults\v2026_05_25_best_guess\13PNG\road_module1_default_filled_inputs.csv
v2026_05_25_best_guess,13PNG,source_flags,C:\Users\Work\github\multinode_energy_balance\back-end\outputs\road_module1_defaults\v2026_05_25_best_guess\13PNG\road_module1_source_flags.csv
v2026_05_25_best_guess,13PNG,missing_data_report,C:\Users\Work\github\multinode_energy_balance\back-end\outputs\road_module1_defaults\v2026_05_25_best_guess\13PNG\road_module1_missing_data_report.csv
v2026_05_25_best_guess,13PNG,unit_check_report,C:\Users\Work\github\multinode_energy_balance\back-end\outputs\road_module1_defaults\v2026_05_25_best_guess\13PNG\road_module1_unit_check_report.csv
v2026_05_25_best_guess,13PNG,structure_validation_report,C:\Users\Work\github\multinode_energy_balance\back-end\outputs\road_module1_defaults\v2026_05_25_best_guess\13PNG\road_module1_structure_validation_report.csv
v2026_05_25_best_guess,13PNG,workbook_structure_validation_report,C:\Users\Work\github\multinode_energy_balance\back-end\outputs\road_module1_defaults\v2026_05_25_best_guess\13PNG\road_module1_workbook_structure_validation_report.csv
v2026_05_25_best_guess,13PNG,researcher_review_flags,C:\Users\Work\github\multinode_energy_balance\back-end\outputs\road_module1_defaults\v2026_05_25_best_guess\13PNG\road_module1_researcher_review_flags.csv
v2026_05_25_best_guess,13PNG,transport_leap_overlay_report,C:\Users\Work\github\multinode_energy_balance\back-end\outputs\road_module1_defaults\v2026_05_25_best_guess\13PNG\road_module1_transport_leap_overlay_report.csv
v2026_05_25_best_guess,13PNG,default_catalog,C:\Users\Work\github\multinode_energy_balance\back-end\outputs\road_module1_defaults\v2026_05_25_best_guess\road_module1_default_assumptions_catalog.csv
v2026_05_25_best_guess,13PNG,input_schema_contract,C:\Users\Work\github\multinode_energy_balance\back-end\outputs\road_module1_defaults\v2026_05_25_best_guess\road_module1_input_schema_contract.csv
v2026_05_25_best_guess,14PE,input_workbook,C:\Users\Work\github\multinode_energy_balance\back-end\outputs\road_module1_defaults\v2026_05_25_best_guess\14PE\road_module1_inputs_14PE.xlsx
v2026_05_25_best_guess,14PE,cleaned_inputs,C:\Users\Work\github\multinode_energy_balance\back-end\outputs\road_module1_defaults\v2026_05_25_best_guess\14PE\road_module1_cleaned_inputs.csv
v2026_05_25_best_guess,14PE,default_filled_inputs,C:\Users\Work\github\multinode_energy_balance\back-end\outputs\road_module1_defaults\v2026_05_25_best_guess\14PE\road_module1_default_filled_inputs.csv
v2026_05_25_best_guess,14PE,source_flags,C:\Users\Work\github\multinode_energy_balance\back-end\outputs\road_module1_defaults\v2026_05_25_best_guess\14PE\road_module1_source_flags.csv
v2026_05_25_best_guess,14PE,missing_data_report,C:\Users\Work\github\multinode_energy_balance\back-end\outputs\road_module1_defaults\v2026_05_25_best_guess\14PE\road_module1_missing_data_report.csv
v2026_05_25_best_guess,14PE,unit_check_report,C:\Users\Work\github\multinode_energy_balance\back-end\outputs\road_module1_defaults\v2026_05_25_best_guess\14PE\road_module1_unit_check_report.csv
v2026_05_25_best_guess,14PE,structure_validation_report,C:\Users\Work\github\multinode_energy_balance\back-end\outputs\road_module1_defaults\v2026_05_25_best_guess\14PE\road_module1_structure_validation_report.csv
v2026_05_25_best_guess,14PE,workbook_structure_validation_report,C:\Users\Work\github\multinode_energy_balance\back-end\outputs\road_module1_defaults\v2026_05_25_best_guess\14PE\road_module1_workbook_structure_validation_report.csv
v2026_05_25_best_guess,14PE,researcher_review_flags,C:\Users\Work\github\multinode_energy_balance\back-end\outputs\road_module1_defaults\v2026_05_25_best_guess\14PE\road_module1_researcher_review_flags.csv
v2026_05_25_best_guess,14PE,transport_leap_overlay_report,C:\Users\Work\github\multinode_energy_balance\back-end\outputs\road_module1_defaults\v2026_05_25_best_guess\14PE\road_module1_transport_leap_overlay_report.csv
v2026_05_25_best_guess,14PE,default_catalog,C:\Users\Work\github\multinode_energy_balance\back-end\outputs\road_module1_defaults\v2026_05_25_best_guess\road_module1_default_assumptions_catalog.csv
v2026_05_25_best_guess,14PE,input_schema_contract,C:\Users\Work\github\multinode_energy_balance\back-end\outputs\road_module1_defaults\v2026_05_25_best_guess\road_module1_input_schema_contract.csv
v2026_05_25_best_guess,15PHL,input_workbook,C:\Users\Work\github\multinode_energy_balance\back-end\outputs\road_module1_defaults\v2026_05_25_best_guess\15PHL\road_module1_inputs_15PHL.xlsx
v2026_05_25_best_guess,15PHL,cleaned_inputs,C:\Users\Work\github\multinode_energy_balance\back-end\outputs\road_module1_defaults\v2026_05_25_best_guess\15PHL\road_module1_cleaned_inputs.csv
v2026_05_25_best_guess,15PHL,default_filled_inputs,C:\Users\Work\github\multinode_energy_balance\back-end\outputs\road_module1_defaults\v2026_05_25_best_guess\15PHL\road_module1_default_filled_inputs.csv
v2026_05_25_best_guess,15PHL,source_flags,C:\Users\Work\github\multinode_energy_balance\back-end\outputs\road_module1_defaults\v2026_05_25_best_guess\15PHL\road_module1_source_flags.csv
v2026_05_25_best_guess,15PHL,missing_data_report,C:\Users\Work\github\multinode_energy_balance\back-end\outputs\road_module1_defaults\v2026_05_25_best_guess\15PHL\road_module1_missing_data_report.csv
v2026_05_25_best_guess,15PHL,unit_check_report,C:\Users\Work\github\multinode_energy_balance\back-end\outputs\road_module1_defaults\v2026_05_25_best_guess\15PHL\road_module1_unit_check_report.csv
v2026_05_25_best_guess,15PHL,structure_validation_report,C:\Users\Work\github\multinode_energy_balance\back-end\outputs\road_module1_defaults\v2026_05_25_best_guess\15PHL\road_module1_structure_validation_report.csv
v2026_05_25_best_guess,15PHL,workbook_structure_validation_report,C:\Users\Work\github\multinode_energy_balance\back-end\outputs\road_module1_defaults\v2026_05_25_best_guess\15PHL\road_module1_workbook_structure_validation_report.csv
v2026_05_25_best_guess,15PHL,researcher_review_flags,C:\Users\Work\github\multinode_energy_balance\back-end\outputs\road_module1_defaults\v2026_05_25_best_guess\15PHL\road_module1_researcher_review_flags.csv
v2026_05_25_best_guess,15PHL,transport_leap_overlay_report,C:\Users\Work\github\multinode_energy_balance\back-end\outputs\road_module1_defaults\v2026_05_25_best_guess\15PHL\road_module1_transport_leap_overlay_report.csv
v2026_05_25_best_guess,15PHL,default_catalog,C:\Users\Work\github\multinode_energy_balance\back-end\outputs\road_module1_defaults\v2026_05_25_best_guess\road_module1_default_assumptions_catalog.csv
v2026_05_25_best_guess,15PHL,input_schema_contract,C:\Users\Work\github\multinode_energy_balance\back-end\outputs\road_module1_defaults\v2026_05_25_best_guess\road_module1_input_schema_contract.csv
v2026_05_25_best_guess,16RUS,input_workbook,C:\Users\Work\github\multinode_energy_balance\back-end\outputs\road_module1_defaults\v2026_05_25_best_guess\16RUS\road_module1_inputs_16RUS.xlsx
v2026_05_25_best_guess,16RUS,cleaned_inputs,C:\Users\Work\github\multinode_energy_balance\back-end\outputs\road_module1_defaults\v2026_05_25_best_guess\16RUS\road_module1_cleaned_inputs.csv
v2026_05_25_best_guess,16RUS,default_filled_inputs,C:\Users\Work\github\multinode_energy_balance\back-end\outputs\road_module1_defaults\v2026_05_25_best_guess\16RUS\road_module1_default_filled_inputs.csv
v2026_05_25_best_guess,16RUS,source_flags,C:\Users\Work\github\multinode_energy_balance\back-end\outputs\road_module1_defaults\v2026_05_25_best_guess\16RUS\road_module1_source_flags.csv
v2026_05_25_best_guess,16RUS,missing_data_report,C:\Users\Work\github\multinode_energy_balance\back-end\outputs\road_module1_defaults\v2026_05_25_best_guess\16RUS\road_module1_missing_data_report.csv
v2026_05_25_best_guess,16RUS,unit_check_report,C:\Users\Work\github\multinode_energy_balance\back-end\outputs\road_module1_defaults\v2026_05_25_best_guess\16RUS\road_module1_unit_check_report.csv
v2026_05_25_best_guess,16RUS,structure_validation_report,C:\Users\Work\github\multinode_energy_balance\back-end\outputs\road_module1_defaults\v2026_05_25_best_guess\16RUS\road_module1_structure_validation_report.csv
v2026_05_25_best_guess,16RUS,workbook_structure_validation_report,C:\Users\Work\github\multinode_energy_balance\back-end\outputs\road_module1_defaults\v2026_05_25_best_guess\16RUS\road_module1_workbook_structure_validation_report.csv
v2026_05_25_best_guess,16RUS,researcher_review_flags,C:\Users\Work\github\multinode_energy_balance\back-end\outputs\road_module1_defaults\v2026_05_25_best_guess\16RUS\road_module1_researcher_review_flags.csv
v2026_05_25_best_guess,16RUS,transport_leap_overlay_report,C:\Users\Work\github\multinode_energy_balance\back-end\outputs\road_module1_defaults\v2026_05_25_best_guess\16RUS\road_module1_transport_leap_overlay_report.csv
v2026_05_25_best_guess,16RUS,default_catalog,C:\Users\Work\github\multinode_energy_balance\back-end\outputs\road_module1_defaults\v2026_05_25_best_guess\road_module1_default_assumptions_catalog.csv
v2026_05_25_best_guess,16RUS,input_schema_contract,C:\Users\Work\github\multinode_energy_balance\back-end\outputs\road_module1_defaults\v2026_05_25_best_guess\road_module1_input_schema_contract.csv
v2026_05_25_best_guess,17SGP,input_workbook,C:\Users\Work\github\multinode_energy_balance\back-end\outputs\road_module1_defaults\v2026_05_25_best_guess\17SGP\road_module1_inputs_17SGP.xlsx
v2026_05_25_best_guess,17SGP,cleaned_inputs,C:\Users\Work\github\multinode_energy_balance\back-end\outputs\road_module1_defaults\v2026_05_25_best_guess\17SGP\road_module1_cleaned_inputs.csv
v2026_05_25_best_guess,17SGP,default_filled_inputs,C:\Users\Work\github\multinode_energy_balance\back-end\outputs\road_module1_defaults\v2026_05_25_best_guess\17SGP\road_module1_default_filled_inputs.csv
v2026_05_25_best_guess,17SGP,source_flags,C:\Users\Work\github\multinode_energy_balance\back-end\outputs\road_module1_defaults\v2026_05_25_best_guess\17SGP\road_module1_source_flags.csv
v2026_05_25_best_guess,17SGP,missing_data_report,C:\Users\Work\github\multinode_energy_balance\back-end\outputs\road_module1_defaults\v2026_05_25_best_guess\17SGP\road_module1_missing_data_report.csv
v2026_05_25_best_guess,17SGP,unit_check_report,C:\Users\Work\github\multinode_energy_balance\back-end\outputs\road_module1_defaults\v2026_05_25_best_guess\17SGP\road_module1_unit_check_report.csv
v2026_05_25_best_guess,17SGP,structure_validation_report,C:\Users\Work\github\multinode_energy_balance\back-end\outputs\road_module1_defaults\v2026_05_25_best_guess\17SGP\road_module1_structure_validation_report.csv
v2026_05_25_best_guess,17SGP,workbook_structure_validation_report,C:\Users\Work\github\multinode_energy_balance\back-end\outputs\road_module1_defaults\v2026_05_25_best_guess\17SGP\road_module1_workbook_structure_validation_report.csv
v2026_05_25_best_guess,17SGP,researcher_review_flags,C:\Users\Work\github\multinode_energy_balance\back-end\outputs\road_module1_defaults\v2026_05_25_best_guess\17SGP\road_module1_researcher_review_flags.csv
v2026_05_25_best_guess,17SGP,transport_leap_overlay_report,C:\Users\Work\github\multinode_energy_balance\back-end\outputs\road_module1_defaults\v2026_05_25_best_guess\17SGP\road_module1_transport_leap_overlay_report.csv
v2026_05_25_best_guess,17SGP,default_catalog,C:\Users\Work\github\multinode_energy_balance\back-end\outputs\road_module1_defaults\v2026_05_25_best_guess\road_module1_default_assumptions_catalog.csv
v2026_05_25_best_guess,17SGP,input_schema_contract,C:\Users\Work\github\multinode_energy_balance\back-end\outputs\road_module1_defaults\v2026_05_25_best_guess\road_module1_input_schema_contract.csv
v2026_05_25_best_guess,18CT,input_workbook,C:\Users\Work\github\multinode_energy_balance\back-end\outputs\road_module1_defaults\v2026_05_25_best_guess\18CT\road_module1_inputs_18CT.xlsx
v2026_05_25_best_guess,18CT,cleaned_inputs,C:\Users\Work\github\multinode_energy_balance\back-end\outputs\road_module1_defaults\v2026_05_25_best_guess\18CT\road_module1_cleaned_inputs.csv
v2026_05_25_best_guess,18CT,default_filled_inputs,C:\Users\Work\github\multinode_energy_balance\back-end\outputs\road_module1_defaults\v2026_05_25_best_guess\18CT\road_module1_default_filled_inputs.csv
v2026_05_25_best_guess,18CT,source_flags,C:\Users\Work\github\multinode_energy_balance\back-end\outputs\road_module1_defaults\v2026_05_25_best_guess\18CT\road_module1_source_flags.csv
v2026_05_25_best_guess,18CT,missing_data_report,C:\Users\Work\github\multinode_energy_balance\back-end\outputs\road_module1_defaults\v2026_05_25_best_guess\18CT\road_module1_missing_data_report.csv
v2026_05_25_best_guess,18CT,unit_check_report,C:\Users\Work\github\multinode_energy_balance\back-end\outputs\road_module1_defaults\v2026_05_25_best_guess\18CT\road_module1_unit_check_report.csv
v2026_05_25_best_guess,18CT,structure_validation_report,C:\Users\Work\github\multinode_energy_balance\back-end\outputs\road_module1_defaults\v2026_05_25_best_guess\18CT\road_module1_structure_validation_report.csv
v2026_05_25_best_guess,18CT,workbook_structure_validation_report,C:\Users\Work\github\multinode_energy_balance\back-end\outputs\road_module1_defaults\v2026_05_25_best_guess\18CT\road_module1_workbook_structure_validation_report.csv
v2026_05_25_best_guess,18CT,researcher_review_flags,C:\Users\Work\github\multinode_energy_balance\back-end\outputs\road_module1_defaults\v2026_05_25_best_guess\18CT\road_module1_researcher_review_flags.csv
v2026_05_25_best_guess,18CT,transport_leap_overlay_report,C:\Users\Work\github\multinode_energy_balance\back-end\outputs\road_module1_defaults\v2026_05_25_best_guess\18CT\road_module1_transport_leap_overlay_report.csv
v2026_05_25_best_guess,18CT,default_catalog,C:\Users\Work\github\multinode_energy_balance\back-end\outputs\road_module1_defaults\v2026_05_25_best_guess\road_module1_default_assumptions_catalog.csv
v2026_05_25_best_guess,18CT,input_schema_contract,C:\Users\Work\github\multinode_energy_balance\back-end\outputs\road_module1_defaults\v2026_05_25_best_guess\road_module1_input_schema_contract.csv
v2026_05_25_best_guess,19THA,input_workbook,C:\Users\Work\github\multinode_energy_balance\back-end\outputs\road_module1_defaults\v2026_05_25_best_guess\19THA\road_module1_inputs_19THA.xlsx
v2026_05_25_best_guess,19THA,cleaned_inputs,C:\Users\Work\github\multinode_energy_balance\back-end\outputs\road_module1_defaults\v2026_05_25_best_guess\19THA\road_module1_cleaned_inputs.csv
v2026_05_25_best_guess,19THA,default_filled_inputs,C:\Users\Work\github\multinode_energy_balance\back-end\outputs\road_module1_defaults\v2026_05_25_best_guess\19THA\road_module1_default_filled_inputs.csv
v2026_05_25_best_guess,19THA,source_flags,C:\Users\Work\github\multinode_energy_balance\back-end\outputs\road_module1_defaults\v2026_05_25_best_guess\19THA\road_module1_source_flags.csv
v2026_05_25_best_guess,19THA,missing_data_report,C:\Users\Work\github\multinode_energy_balance\back-end\outputs\road_module1_defaults\v2026_05_25_best_guess\19THA\road_module1_missing_data_report.csv
v2026_05_25_best_guess,19THA,unit_check_report,C:\Users\Work\github\multinode_energy_balance\back-end\outputs\road_module1_defaults\v2026_05_25_best_guess\19THA\road_module1_unit_check_report.csv
v2026_05_25_best_guess,19THA,structure_validation_report,C:\Users\Work\github\multinode_energy_balance\back-end\outputs\road_module1_defaults\v2026_05_25_best_guess\19THA\road_module1_structure_validation_report.csv
v2026_05_25_best_guess,19THA,workbook_structure_validation_report,C:\Users\Work\github\multinode_energy_balance\back-end\outputs\road_module1_defaults\v2026_05_25_best_guess\19THA\road_module1_workbook_structure_validation_report.csv
v2026_05_25_best_guess,19THA,researcher_review_flags,C:\Users\Work\github\multinode_energy_balance\back-end\outputs\road_module1_defaults\v2026_05_25_best_guess\19THA\road_module1_researcher_review_flags.csv
v2026_05_25_best_guess,19THA,transport_leap_overlay_report,C:\Users\Work\github\multinode_energy_balance\back-end\outputs\road_module1_defaults\v2026_05_25_best_guess\19THA\road_module1_transport_leap_overlay_report.csv
v2026_05_25_best_guess,19THA,default_catalog,C:\Users\Work\github\multinode_energy_balance\back-end\outputs\road_module1_defaults\v2026_05_25_best_guess\road_module1_default_assumptions_catalog.csv
v2026_05_25_best_guess,19THA,input_schema_contract,C:\Users\Work\github\multinode_energy_balance\back-end\outputs\road_module1_defaults\v2026_05_25_best_guess\road_module1_input_schema_contract.csv
v2026_05_25_best_guess,20USA,input_workbook,C:\Users\Work\github\multinode_energy_balance\back-end\outputs\road_module1_defaults\v2026_05_25_best_guess\20USA\road_module1_inputs_20USA.xlsx
v2026_05_25_best_guess,20USA,cleaned_inputs,C:\Users\Work\github\multinode_energy_balance\back-end\outputs\road_module1_defaults\v2026_05_25_best_guess\20USA\road_module1_cleaned_inputs.csv
v2026_05_25_best_guess,20USA,default_filled_inputs,C:\Users\Work\github\multinode_energy_balance\back-end\outputs\road_module1_defaults\v2026_05_25_best_guess\20USA\road_module1_default_filled_inputs.csv
v2026_05_25_best_guess,20USA,source_flags,C:\Users\Work\github\multinode_energy_balance\back-end\outputs\road_module1_defaults\v2026_05_25_best_guess\20USA\road_module1_source_flags.csv
v2026_05_25_best_guess,20USA,missing_data_report,C:\Users\Work\github\multinode_energy_balance\back-end\outputs\road_module1_defaults\v2026_05_25_best_guess\20USA\road_module1_missing_data_report.csv
v2026_05_25_best_guess,20USA,unit_check_report,C:\Users\Work\github\multinode_energy_balance\back-end\outputs\road_module1_defaults\v2026_05_25_best_guess\20USA\road_module1_unit_check_report.csv
v2026_05_25_best_guess,20USA,structure_validation_report,C:\Users\Work\github\multinode_energy_balance\back-end\outputs\road_module1_defaults\v2026_05_25_best_guess\20USA\road_module1_structure_validation_report.csv
v2026_05_25_best_guess,20USA,workbook_structure_validation_report,C:\Users\Work\github\multinode_energy_balance\back-end\outputs\road_module1_defaults\v2026_05_25_best_guess\20USA\road_module1_workbook_structure_validation_report.csv
v2026_05_25_best_guess,20USA,researcher_review_flags,C:\Users\Work\github\multinode_energy_balance\back-end\outputs\road_module1_defaults\v2026_05_25_best_guess\20USA\road_module1_researcher_review_flags.csv
v2026_05_25_best_guess,20USA,transport_leap_overlay_report,C:\Users\Work\github\multinode_energy_balance\back-end\outputs\road_module1_defaults\v2026_05_25_best_guess\20USA\road_module1_transport_leap_overlay_report.csv
v2026_05_25_best_guess,20USA,default_catalog,C:\Users\Work\github\multinode_energy_balance\back-end\outputs\road_module1_defaults\v2026_05_25_best_guess\road_module1_default_assumptions_catalog.csv
v2026_05_25_best_guess,20USA,input_schema_contract,C:\Users\Work\github\multinode_energy_balance\back-end\outputs\road_module1_defaults\v2026_05_25_best_guess\road_module1_input_schema_contract.csv
v2026_05_25_best_guess,21VN,input_workbook,C:\Users\Work\github\multinode_energy_balance\back-end\outputs\road_module1_defaults\v2026_05_25_best_guess\21VN\road_module1_inputs_21VN.xlsx
v2026_05_25_best_guess,21VN,cleaned_inputs,C:\Users\Work\github\multinode_energy_balance\back-end\outputs\road_module1_defaults\v2026_05_25_best_guess\21VN\road_module1_cleaned_inputs.csv
v2026_05_25_best_guess,21VN,default_filled_inputs,C:\Users\Work\github\multinode_energy_balance\back-end\outputs\road_module1_defaults\v2026_05_25_best_guess\21VN\road_module1_default_filled_inputs.csv
v2026_05_25_best_guess,21VN,source_flags,C:\Users\Work\github\multinode_energy_balance\back-end\outputs\road_module1_defaults\v2026_05_25_best_guess\21VN\road_module1_source_flags.csv
v2026_05_25_best_guess,21VN,missing_data_report,C:\Users\Work\github\multinode_energy_balance\back-end\outputs\road_module1_defaults\v2026_05_25_best_guess\21VN\road_module1_missing_data_report.csv
v2026_05_25_best_guess,21VN,unit_check_report,C:\Users\Work\github\multinode_energy_balance\back-end\outputs\road_module1_defaults\v2026_05_25_best_guess\21VN\road_module1_unit_check_report.csv
v2026_05_25_best_guess,21VN,structure_validation_report,C:\Users\Work\github\multinode_energy_balance\back-end\outputs\road_module1_defaults\v2026_05_25_best_guess\21VN\road_module1_structure_validation_report.csv
v2026_05_25_best_guess,21VN,workbook_structure_validation_report,C:\Users\Work\github\multinode_energy_balance\back-end\outputs\road_module1_defaults\v2026_05_25_best_guess\21VN\road_module1_workbook_structure_validation_report.csv
v2026_05_25_best_guess,21VN,researcher_review_flags,C:\Users\Work\github\multinode_energy_balance\back-end\outputs\road_module1_defaults\v2026_05_25_best_guess\21VN\road_module1_researcher_review_flags.csv
v2026_05_25_best_guess,21VN,transport_leap_overlay_report,C:\Users\Work\github\multinode_energy_balance\back-end\outputs\road_module1_defaults\v2026_05_25_best_guess\21VN\road_module1_transport_leap_overlay_report.csv
v2026_05_25_best_guess,21VN,default_catalog,C:\Users\Work\github\multinode_energy_balance\back-end\outputs\road_module1_defaults\v2026_05_25_best_guess\road_module1_default_assumptions_catalog.csv
v2026_05_25_best_guess,21VN,input_schema_contract,C:\Users\Work\github\multinode_energy_balance\back-end\outputs\road_module1_defaults\v2026_05_25_best_guess\road_module1_input_schema_contract.csv
