Economy,Scenario,Branch Path,Variable,Year,Value,Units,Source,Comment
17SGP,Current Accounts,Demand\Freight road,Reconciliation Bound Lower,2022,0.85,Share,apec_reconciliation_factors.csv,Reconciliation factor from apec_reconciliation_factors.csv (freight).
17SGP,Current Accounts,Demand\Freight road,Reconciliation Bound Upper,2022,1.15,Share,apec_reconciliation_factors.csv,Reconciliation factor from apec_reconciliation_factors.csv (freight).
17SGP,Current Accounts,Demand\Freight road,Reconciliation Weight,2022,1.0,Weight,apec_reconciliation_factors.csv,Reconciliation factor from apec_reconciliation_factors.csv (freight).
17SGP,Current Accounts,Demand\Freight road\Age 0,Survival Rate,2022,100.0,Share,vehicle_survival_modified_00_APEC.xlsx,"Survival Rate imported from vehicle_survival_modified_00_APEC.xlsx; transport=freight, age=0."
17SGP,Current Accounts,Demand\Freight road\Age 0,Vintage Profile Share,2022,0.0,Share,vintage_modelled_from_survival_00_APEC.xlsx,"Vintage Profile Share imported from vintage_modelled_from_survival_00_APEC.xlsx; transport=freight, age=0."
17SGP,Current Accounts,Demand\Freight road\Age 1,Survival Rate,2022,98.35050884439848,Share,vehicle_survival_modified_00_APEC.xlsx,"Survival Rate imported from vehicle_survival_modified_00_APEC.xlsx; transport=freight, age=1."
17SGP,Current Accounts,Demand\Freight road\Age 1,Vintage Profile Share,2022,6.87728133222157,Share,vintage_modelled_from_survival_00_APEC.xlsx,"Vintage Profile Share imported from vintage_modelled_from_survival_00_APEC.xlsx; transport=freight, age=1."
17SGP,Current Accounts,Demand\Freight road\Age 10,Survival Rate,2022,69.05522820797384,Share,vehicle_survival_modified_00_APEC.xlsx,"Survival Rate imported from vehicle_survival_modified_00_APEC.xlsx; transport=freight, age=10."
17SGP,Current Accounts,Demand\Freight road\Age 10,Vintage Profile Share,2022,4.828772493677316,Share,vintage_modelled_from_survival_00_APEC.xlsx,"Vintage Profile Share imported from vintage_modelled_from_survival_00_APEC.xlsx; transport=freight, age=10."
17SGP,Current Accounts,Demand\Freight road\Age 11,Survival Rate,2022,64.21181670816591,Share,vehicle_survival_modified_00_APEC.xlsx,"Survival Rate imported from vehicle_survival_modified_00_APEC.xlsx; transport=freight, age=11."
17SGP,Current Accounts,Demand\Freight road\Age 11,Vintage Profile Share,2022,4.490090936425835,Share,vintage_modelled_from_survival_00_APEC.xlsx,"Vintage Profile Share imported from vintage_modelled_from_survival_00_APEC.xlsx; transport=freight, age=11."
17SGP,Current Accounts,Demand\Freight road\Age 12,Survival Rate,2022,59.31466604642736,Share,vehicle_survival_modified_00_APEC.xlsx,"Survival Rate imported from vehicle_survival_modified_00_APEC.xlsx; transport=freight, age=12."
17SGP,Current Accounts,Demand\Freight road\Age 12,Vintage Profile Share,2022,4.147651601614308,Share,vintage_modelled_from_survival_00_APEC.xlsx,"Vintage Profile Share imported from vintage_modelled_from_survival_00_APEC.xlsx; transport=freight, age=12."
17SGP,Current Accounts,Demand\Freight road\Age 13,Survival Rate,2022,54.42994661655327,Share,vehicle_survival_modified_00_APEC.xlsx,"Survival Rate imported from vehicle_survival_modified_00_APEC.xlsx; transport=freight, age=13."
17SGP,Current Accounts,Demand\Freight road\Age 13,Vintage Profile Share,2022,3.806081536111526,Share,vintage_modelled_from_survival_00_APEC.xlsx,"Vintage Profile Share imported from vintage_modelled_from_survival_00_APEC.xlsx; transport=freight, age=13."
17SGP,Current Accounts,Demand\Freight road\Age 14,Survival Rate,2022,49.61835434222866,Share,vehicle_survival_modified_00_APEC.xlsx,"Survival Rate imported from vehicle_survival_modified_00_APEC.xlsx; transport=freight, age=14."
17SGP,Current Accounts,Demand\Freight road\Age 14,Vintage Profile Share,2022,3.469624977672898,Share,vintage_modelled_from_survival_00_APEC.xlsx,"Vintage Profile Share imported from vintage_modelled_from_survival_00_APEC.xlsx; transport=freight, age=14."
17SGP,Current Accounts,Demand\Freight road\Age 15,Survival Rate,2022,44.93403004760519,Share,vehicle_survival_modified_00_APEC.xlsx,"Survival Rate imported from vehicle_survival_modified_00_APEC.xlsx; transport=freight, age=15."
17SGP,Current Accounts,Demand\Freight road\Age 15,Vintage Profile Share,2022,3.142067790587528,Share,vintage_modelled_from_survival_00_APEC.xlsx,"Vintage Profile Share imported from vintage_modelled_from_survival_00_APEC.xlsx; transport=freight, age=15."
17SGP,Current Accounts,Demand\Freight road\Age 16,Survival Rate,2022,40.4237768517288,Share,vehicle_survival_modified_00_APEC.xlsx,"Survival Rate imported from vehicle_survival_modified_00_APEC.xlsx; transport=freight, age=16."
17SGP,Current Accounts,Demand\Freight road\Age 16,Vintage Profile Share,2022,2.826682741012771,Share,vintage_modelled_from_survival_00_APEC.xlsx,"Vintage Profile Share imported from vintage_modelled_from_survival_00_APEC.xlsx; transport=freight, age=16."
17SGP,Current Accounts,Demand\Freight road\Age 17,Survival Rate,2022,36.12657877422551,Share,vehicle_survival_modified_00_APEC.xlsx,"Survival Rate imported from vehicle_survival_modified_00_APEC.xlsx; transport=freight, age=17."
17SGP,Current Accounts,Demand\Freight road\Age 17,Vintage Profile Share,2022,2.526195834879646,Share,vintage_modelled_from_survival_00_APEC.xlsx,"Vintage Profile Share imported from vintage_modelled_from_survival_00_APEC.xlsx; transport=freight, age=17."
17SGP,Current Accounts,Demand\Freight road\Age 18,Survival Rate,2022,32.07341026708008,Share,vehicle_survival_modified_00_APEC.xlsx,"Survival Rate imported from vehicle_survival_modified_00_APEC.xlsx; transport=freight, age=18."
17SGP,Current Accounts,Demand\Freight road\Age 18,Vintage Profile Share,2022,2.242772999166201,Share,vintage_modelled_from_survival_00_APEC.xlsx,"Vintage Profile Share imported from vintage_modelled_from_survival_00_APEC.xlsx; transport=freight, age=18."
17SGP,Current Accounts,Demand\Freight road\Age 19,Survival Rate,2022,28.28731469361492,Share,vehicle_survival_modified_00_APEC.xlsx,"Survival Rate imported from vehicle_survival_modified_00_APEC.xlsx; transport=freight, age=19."
17SGP,Current Accounts,Demand\Freight road\Age 19,Vintage Profile Share,2022,1.978025569637455,Share,vintage_modelled_from_survival_00_APEC.xlsx,"Vintage Profile Share imported from vintage_modelled_from_survival_00_APEC.xlsx; transport=freight, age=19."
17SGP,Current Accounts,Demand\Freight road\Age 2,Survival Rate,2022,97.38431110225432,Share,vehicle_survival_modified_00_APEC.xlsx,"Survival Rate imported from vehicle_survival_modified_00_APEC.xlsx; transport=freight, age=2."
17SGP,Current Accounts,Demand\Freight road\Age 2,Vintage Profile Share,2022,6.809718756558687,Share,vintage_modelled_from_survival_00_APEC.xlsx,"Vintage Profile Share imported from vintage_modelled_from_survival_00_APEC.xlsx; transport=freight, age=2."
17SGP,Current Accounts,Demand\Freight road\Age 20,Survival Rate,2022,24.78372034300386,Share,vehicle_survival_modified_00_APEC.xlsx,"Survival Rate imported from vehicle_survival_modified_00_APEC.xlsx; transport=freight, age=20."
17SGP,Current Accounts,Demand\Freight road\Age 20,Vintage Profile Share,2022,1.733032388552284,Share,vintage_modelled_from_survival_00_APEC.xlsx,"Vintage Profile Share imported from vintage_modelled_from_survival_00_APEC.xlsx; transport=freight, age=20."
17SGP,Current Accounts,Demand\Freight road\Age 21,Survival Rate,2022,21.57095569063096,Share,vehicle_survival_modified_00_APEC.xlsx,"Survival Rate imported from vehicle_survival_modified_00_APEC.xlsx; transport=freight, age=21."
17SGP,Current Accounts,Demand\Freight road\Age 21,Vintage Profile Share,2022,1.508375834883179,Share,vintage_modelled_from_survival_00_APEC.xlsx,"Vintage Profile Share imported from vintage_modelled_from_survival_00_APEC.xlsx; transport=freight, age=21."
17SGP,Current Accounts,Demand\Freight road\Age 22,Survival Rate,2022,18.6509213961561,Share,vehicle_survival_modified_00_APEC.xlsx,"Survival Rate imported from vehicle_survival_modified_00_APEC.xlsx; transport=freight, age=22."
17SGP,Current Accounts,Demand\Freight road\Age 22,Vintage Profile Share,2022,1.304188814614574,Share,vintage_modelled_from_survival_00_APEC.xlsx,"Vintage Profile Share imported from vintage_modelled_from_survival_00_APEC.xlsx; transport=freight, age=22."
17SGP,Current Accounts,Demand\Freight road\Age 23,Survival Rate,2022,16.01987490154123,Share,vehicle_survival_modified_00_APEC.xlsx,"Survival Rate imported from vehicle_survival_modified_00_APEC.xlsx; transport=freight, age=23."
17SGP,Current Accounts,Demand\Freight road\Age 23,Vintage Profile Share,2022,1.120209624733114,Share,vintage_modelled_from_survival_00_APEC.xlsx,"Vintage Profile Share imported from vintage_modelled_from_survival_00_APEC.xlsx; transport=freight, age=23."
17SGP,Current Accounts,Demand\Freight road\Age 24,Survival Rate,2022,13.66928422908279,Share,vehicle_survival_modified_00_APEC.xlsx,"Survival Rate imported from vehicle_survival_modified_00_APEC.xlsx; transport=freight, age=24."
17SGP,Current Accounts,Demand\Freight road\Age 24,Vintage Profile Share,2022,0.9558416561141768,Share,vintage_modelled_from_survival_00_APEC.xlsx,"Vintage Profile Share imported from vintage_modelled_from_survival_00_APEC.xlsx; transport=freight, age=24."
17SGP,Current Accounts,Demand\Freight road\Age 25,Survival Rate,2022,11.58671034557612,Share,vehicle_survival_modified_00_APEC.xlsx,"Survival Rate imported from vehicle_survival_modified_00_APEC.xlsx; transport=freight, age=25."
17SGP,Current Accounts,Demand\Freight road\Age 25,Vintage Profile Share,2022,0.8102150939306263,Share,vintage_modelled_from_survival_00_APEC.xlsx,"Vintage Profile Share imported from vintage_modelled_from_survival_00_APEC.xlsx; transport=freight, age=25."
17SGP,Current Accounts,Demand\Freight road\Age 26,Survival Rate,2022,9.756681833914774,Share,vehicle_survival_modified_00_APEC.xlsx,"Survival Rate imported from vehicle_survival_modified_00_APEC.xlsx; transport=freight, age=26."
17SGP,Current Accounts,Demand\Freight road\Age 26,Vintage Profile Share,2022,0.6822480801493997,Share,vintage_modelled_from_survival_00_APEC.xlsx,"Vintage Profile Share imported from vintage_modelled_from_survival_00_APEC.xlsx; transport=freight, age=26."
17SGP,Current Accounts,Demand\Freight road\Age 27,Survival Rate,2022,8.16153113704114,Share,vehicle_survival_modified_00_APEC.xlsx,"Survival Rate imported from vehicle_survival_modified_00_APEC.xlsx; transport=freight, age=27."
17SGP,Current Accounts,Demand\Freight road\Age 27,Vintage Profile Share,2022,0.5707051889270927,Share,vintage_modelled_from_survival_00_APEC.xlsx,"Vintage Profile Share imported from vintage_modelled_from_survival_00_APEC.xlsx; transport=freight, age=27."
17SGP,Current Accounts,Demand\Freight road\Age 28,Survival Rate,2022,6.78216784551927,Share,vehicle_survival_modified_00_APEC.xlsx,"Survival Rate imported from vehicle_survival_modified_00_APEC.xlsx; transport=freight, age=28."
17SGP,Current Accounts,Demand\Freight road\Age 28,Vintage Profile Share,2022,0.4742514997027351,Share,vintage_modelled_from_survival_00_APEC.xlsx,"Vintage Profile Share imported from vintage_modelled_from_survival_00_APEC.xlsx; transport=freight, age=28."
17SGP,Current Accounts,Demand\Freight road\Age 29,Survival Rate,2022,5.598770950068928,Share,vehicle_survival_modified_00_APEC.xlsx,"Survival Rate imported from vehicle_survival_modified_00_APEC.xlsx; transport=freight, age=29."
17SGP,Current Accounts,Demand\Freight road\Age 29,Vintage Profile Share,2022,0.3915010038149537,Share,vintage_modelled_from_survival_00_APEC.xlsx,"Vintage Profile Share imported from vintage_modelled_from_survival_00_APEC.xlsx; transport=freight, age=29."
17SGP,Current Accounts,Demand\Freight road\Age 3,Survival Rate,2022,95.47201335050973,Share,vehicle_survival_modified_00_APEC.xlsx,"Survival Rate imported from vehicle_survival_modified_00_APEC.xlsx; transport=freight, age=3."
17SGP,Current Accounts,Demand\Freight road\Age 3,Vintage Profile Share,2022,6.675998964111762,Share,vintage_modelled_from_survival_00_APEC.xlsx,"Vintage Profile Share imported from vintage_modelled_from_survival_00_APEC.xlsx; transport=freight, age=3."
17SGP,Current Accounts,Demand\Freight road\Age 30,Survival Rate,2022,4.59138828696925,Share,vehicle_survival_modified_00_APEC.xlsx,"Survival Rate imported from vehicle_survival_modified_00_APEC.xlsx; transport=freight, age=30."
17SGP,Current Accounts,Demand\Freight road\Age 30,Vintage Profile Share,2022,0.3210585214654212,Share,vintage_modelled_from_survival_00_APEC.xlsx,"Vintage Profile Share imported from vintage_modelled_from_survival_00_APEC.xlsx; transport=freight, age=30."
17SGP,Current Accounts,Demand\Freight road\Age 4,Survival Rate,2022,92.98056340291814,Share,vehicle_survival_modified_00_APEC.xlsx,"Survival Rate imported from vehicle_survival_modified_00_APEC.xlsx; transport=freight, age=4."
17SGP,Current Accounts,Demand\Freight road\Age 4,Vintage Profile Share,2022,6.501781235946833,Share,vintage_modelled_from_survival_00_APEC.xlsx,"Vintage Profile Share imported from vintage_modelled_from_survival_00_APEC.xlsx; transport=freight, age=4."
17SGP,Current Accounts,Demand\Freight road\Age 5,Survival Rate,2022,89.95747462438484,Share,vehicle_survival_modified_00_APEC.xlsx,"Survival Rate imported from vehicle_survival_modified_00_APEC.xlsx; transport=freight, age=5."
17SGP,Current Accounts,Demand\Freight road\Age 5,Vintage Profile Share,2022,6.290388003044004,Share,vintage_modelled_from_survival_00_APEC.xlsx,"Vintage Profile Share imported from vintage_modelled_from_survival_00_APEC.xlsx; transport=freight, age=5."
17SGP,Current Accounts,Demand\Freight road\Age 6,Survival Rate,2022,86.45921809038188,Share,vehicle_survival_modified_00_APEC.xlsx,"Survival Rate imported from vehicle_survival_modified_00_APEC.xlsx; transport=freight, age=6."
17SGP,Current Accounts,Demand\Freight road\Age 6,Vintage Profile Share,2022,6.045768075406579,Share,vintage_modelled_from_survival_00_APEC.xlsx,"Vintage Profile Share imported from vintage_modelled_from_survival_00_APEC.xlsx; transport=freight, age=6."
17SGP,Current Accounts,Demand\Freight road\Age 7,Survival Rate,2022,82.54947059073915,Share,vehicle_survival_modified_00_APEC.xlsx,"Survival Rate imported from vehicle_survival_modified_00_APEC.xlsx; transport=freight, age=7."
17SGP,Current Accounts,Demand\Freight road\Age 7,Vintage Profile Share,2022,5.772374131552834,Share,vintage_modelled_from_survival_00_APEC.xlsx,"Vintage Profile Share imported from vintage_modelled_from_survival_00_APEC.xlsx; transport=freight, age=7."
17SGP,Current Accounts,Demand\Freight road\Age 8,Survival Rate,2022,78.29719253444607,Share,vehicle_survival_modified_00_APEC.xlsx,"Survival Rate imported from vehicle_survival_modified_00_APEC.xlsx; transport=freight, age=8."
17SGP,Current Accounts,Demand\Freight road\Age 8,Vintage Profile Share,2022,5.475028313624964,Share,vintage_modelled_from_survival_00_APEC.xlsx,"Vintage Profile Share imported from vintage_modelled_from_survival_00_APEC.xlsx; transport=freight, age=8."
17SGP,Current Accounts,Demand\Freight road\Age 9,Survival Rate,2022,73.77461655055549,Share,vehicle_survival_modified_00_APEC.xlsx,"Survival Rate imported from vehicle_survival_modified_00_APEC.xlsx; transport=freight, age=9."
17SGP,Current Accounts,Demand\Freight road\Age 9,Vintage Profile Share,2022,5.158781577812213,Share,vintage_modelled_from_survival_00_APEC.xlsx,"Vintage Profile Share imported from vintage_modelled_from_survival_00_APEC.xlsx; transport=freight, age=9."
17SGP,Current Accounts,Demand\Freight road\LCVs,Mileage,2022,21000.0,Kilometer,APERC placeholder road defaults,
17SGP,Current Accounts,Demand\Freight road\LCVs\BEV,Sales Share,2022,5.0,Share,transport_leap_export_combined_17_SGP_domestic_international_Target_20260514.xlsx,Transport LEAP export value overlay applied from Singapore / Target.
17SGP,Current Accounts,Demand\Freight road\LCVs\BEV,Stock,2022,5082.0,Device,APERC placeholder road defaults,
17SGP,Current Accounts,Demand\Freight road\LCVs\BEV\Electricity,Fuel Economy,2022,206.6275353053545,MJ/100 km,transport_leap_export_combined_17_SGP_domestic_international_Target_20260514.xlsx,Transport LEAP export value overlay applied from Singapore / Target.
17SGP,Current Accounts,Demand\Freight road\LCVs\FCEV,Sales Share,2022,0.0,Share,APERC placeholder road defaults,
17SGP,Current Accounts,Demand\Freight road\LCVs\FCEV,Stock,2022,0.0,Device,APERC placeholder road defaults,
17SGP,Current Accounts,Demand\Freight road\LCVs\FCEV\Hydrogen,Fuel Economy,2022,110.0,MJ/100 km,APERC placeholder road defaults,
17SGP,Current Accounts,Demand\Freight road\LCVs\ICE,Sales Share,2022,88.0,Share,transport_leap_export_combined_17_SGP_domestic_international_Target_20260514.xlsx,Transport LEAP export value overlay applied from Singapore / Target.
17SGP,Current Accounts,Demand\Freight road\LCVs\ICE,Stock,2022,159236.0,Device,APERC placeholder road defaults,
17SGP,Current Accounts,Demand\Freight road\LCVs\ICE\Gas and diesel oil,Fuel Economy,2022,600.7822392635762,MJ/100 km,transport_leap_export_combined_17_SGP_domestic_international_Target_20260514.xlsx,Transport LEAP export value overlay applied from Singapore / Target.
17SGP,Current Accounts,Demand\Freight road\LCVs\ICE\LPG,Fuel Economy,2022,271.5234939289082,MJ/100 km,transport_leap_export_combined_17_SGP_domestic_international_Target_20260514.xlsx,Transport LEAP export value overlay applied from Singapore / Target.
17SGP,Current Accounts,Demand\Freight road\LCVs\ICE\Motor gasoline,Fuel Economy,2022,616.9996542242947,MJ/100 km,transport_leap_export_combined_17_SGP_domestic_international_Target_20260514.xlsx,Transport LEAP export value overlay applied from Singapore / Target.
17SGP,Current Accounts,Demand\Freight road\LCVs\ICE\Natural gas,Fuel Economy,2022,635.8039075947189,MJ/100 km,transport_leap_export_combined_17_SGP_domestic_international_Target_20260514.xlsx,Transport LEAP export value overlay applied from Singapore / Target.
17SGP,Current Accounts,Demand\Freight road\LCVs\PHEV,Fuel Economy,2022,150.0,MJ/100 km,APERC placeholder road defaults,
17SGP,Current Accounts,Demand\Freight road\LCVs\PHEV,Sales Share,2022,6.0,Share,transport_leap_export_combined_17_SGP_domestic_international_Target_20260514.xlsx,Transport LEAP export value overlay applied from Singapore / Target.
17SGP,Current Accounts,Demand\Freight road\LCVs\PHEV,Stock,2022,1694.0,Device,APERC placeholder road defaults,
17SGP,Current Accounts,Demand\Freight road\PHEV,PHEV Electric Driving Share,2022,0.58,Share,apec_phev_utilisation_rates.csv,PHEV utilisation rate from apec_phev_utilisation_rates.csv; source data_year 2025; evidence_grade B; range 0.48-0.66; synthetic_estimate. Future-year changes are handled by LEAP adjustment variables.
17SGP,Current Accounts,Demand\Freight road\Trucks\BEV heavy,Sales Share,2022,2.0,Share,transport_leap_export_combined_17_SGP_domestic_international_Target_20260514.xlsx,Transport LEAP export value overlay applied from Singapore / Target.
17SGP,Current Accounts,Demand\Freight road\Trucks\BEV heavy,Stock,2022,1232.0,Device,APERC placeholder road defaults,
17SGP,Current Accounts,Demand\Freight road\Trucks\BEV heavy\Electricity,Fuel Economy,2022,694.0806754120773,MJ/100 km,transport_leap_export_combined_17_SGP_domestic_international_Target_20260514.xlsx,Transport LEAP export value overlay applied from Singapore / Target.
17SGP,Current Accounts,Demand\Freight road\Trucks\BEV medium,Sales Share,2022,6.0,Share,transport_leap_export_combined_17_SGP_domestic_international_Target_20260514.xlsx,Transport LEAP export value overlay applied from Singapore / Target.
17SGP,Current Accounts,Demand\Freight road\Trucks\BEV medium,Stock,2022,1540.0,Device,APERC placeholder road defaults,
17SGP,Current Accounts,Demand\Freight road\Trucks\BEV medium\Electricity,Fuel Economy,2022,578.4005628433983,MJ/100 km,transport_leap_export_combined_17_SGP_domestic_international_Target_20260514.xlsx,Transport LEAP export value overlay applied from Singapore / Target.
17SGP,Current Accounts,Demand\Freight road\Trucks\FCEV heavy,Sales Share,2022,1.0,Share,transport_leap_export_combined_17_SGP_domestic_international_Target_20260514.xlsx,Transport LEAP export value overlay applied from Singapore / Target.
17SGP,Current Accounts,Demand\Freight road\Trucks\FCEV heavy,Stock,2022,1232.0,Device,APERC placeholder road defaults,
17SGP,Current Accounts,Demand\Freight road\Trucks\FCEV heavy\Hydrogen,Fuel Economy,2022,1059.065756323363,MJ/100 km,transport_leap_export_combined_17_SGP_domestic_international_Target_20260514.xlsx,Transport LEAP export value overlay applied from Singapore / Target.
17SGP,Current Accounts,Demand\Freight road\Trucks\FCEV medium,Sales Share,2022,2.0,Share,transport_leap_export_combined_17_SGP_domestic_international_Target_20260514.xlsx,Transport LEAP export value overlay applied from Singapore / Target.
17SGP,Current Accounts,Demand\Freight road\Trucks\FCEV medium,Stock,2022,770.0,Device,APERC placeholder road defaults,
17SGP,Current Accounts,Demand\Freight road\Trucks\FCEV medium\Hydrogen,Fuel Economy,2022,882.5547969361348,MJ/100 km,transport_leap_export_combined_17_SGP_domestic_international_Target_20260514.xlsx,Transport LEAP export value overlay applied from Singapore / Target.
17SGP,Current Accounts,Demand\Freight road\Trucks\HEV heavy,Sales Share,2022,0.0,Share,APERC placeholder road defaults,
17SGP,Current Accounts,Demand\Freight road\Trucks\HEV heavy,Stock,2022,0.0,Device,APERC placeholder road defaults,
17SGP,Current Accounts,Demand\Freight road\Trucks\HEV heavy\Motor gasoline,Fuel Economy,2022,190.0,MJ/100 km,APERC placeholder road defaults,
17SGP,Current Accounts,Demand\Freight road\Trucks\HEV medium,Sales Share,2022,0.0,Share,APERC placeholder road defaults,
17SGP,Current Accounts,Demand\Freight road\Trucks\HEV medium,Stock,2022,0.0,Device,APERC placeholder road defaults,
17SGP,Current Accounts,Demand\Freight road\Trucks\HEV medium\Motor gasoline,Fuel Economy,2022,190.0,MJ/100 km,APERC placeholder road defaults,
17SGP,Current Accounts,Demand\Freight road\Trucks\Heavy trucks,Mileage,2022,65000.0,Kilometer,APERC placeholder road defaults,
17SGP,Current Accounts,Demand\Freight road\Trucks\ICE heavy,Sales Share,2022,37.0,Share,transport_leap_export_combined_17_SGP_domestic_international_Target_20260514.xlsx,Transport LEAP export value overlay applied from Singapore / Target.
17SGP,Current Accounts,Demand\Freight road\Trucks\ICE heavy,Stock,2022,59136.0,Device,APERC placeholder road defaults,
17SGP,Current Accounts,Demand\Freight road\Trucks\ICE heavy\Gas and diesel oil,Fuel Economy,2022,2017.112995054426,MJ/100 km,transport_leap_export_combined_17_SGP_domestic_international_Target_20260514.xlsx,Transport LEAP export value overlay applied from Singapore / Target.
17SGP,Current Accounts,Demand\Freight road\Trucks\ICE heavy\LPG,Fuel Economy,2022,912.0721000611971,MJ/100 km,transport_leap_export_combined_17_SGP_domestic_international_Target_20260514.xlsx,Transport LEAP export value overlay applied from Singapore / Target.
17SGP,Current Accounts,Demand\Freight road\Trucks\ICE heavy\Motor gasoline,Fuel Economy,2022,2068.0651533919,MJ/100 km,transport_leap_export_combined_17_SGP_domestic_international_Target_20260514.xlsx,Transport LEAP export value overlay applied from Singapore / Target.
17SGP,Current Accounts,Demand\Freight road\Trucks\ICE heavy\Natural gas,Fuel Economy,2022,2135.723125963231,MJ/100 km,transport_leap_export_combined_17_SGP_domestic_international_Target_20260514.xlsx,Transport LEAP export value overlay applied from Singapore / Target.
17SGP,Current Accounts,Demand\Freight road\Trucks\ICE medium,Sales Share,2022,40.0,Share,transport_leap_export_combined_17_SGP_domestic_international_Target_20260514.xlsx,Transport LEAP export value overlay applied from Singapore / Target.
17SGP,Current Accounts,Demand\Freight road\Trucks\ICE medium,Stock,2022,74690.0,Device,APERC placeholder road defaults,
17SGP,Current Accounts,Demand\Freight road\Trucks\ICE medium\Gas and diesel oil,Fuel Economy,2022,1679.982357453496,MJ/100 km,transport_leap_export_combined_17_SGP_domestic_international_Target_20260514.xlsx,Transport LEAP export value overlay applied from Singapore / Target.
17SGP,Current Accounts,Demand\Freight road\Trucks\ICE medium\LPG,Fuel Economy,2022,760.0600833843321,MJ/100 km,transport_leap_export_combined_17_SGP_domestic_international_Target_20260514.xlsx,Transport LEAP export value overlay applied from Singapore / Target.
17SGP,Current Accounts,Demand\Freight road\Trucks\ICE medium\Motor gasoline,Fuel Economy,2022,1722.738800263383,MJ/100 km,transport_leap_export_combined_17_SGP_domestic_international_Target_20260514.xlsx,Transport LEAP export value overlay applied from Singapore / Target.
17SGP,Current Accounts,Demand\Freight road\Trucks\ICE medium\Natural gas,Fuel Economy,2022,1779.769271636041,MJ/100 km,transport_leap_export_combined_17_SGP_domestic_international_Target_20260514.xlsx,Transport LEAP export value overlay applied from Singapore / Target.
17SGP,Current Accounts,Demand\Freight road\Trucks\Medium trucks,Mileage,2022,36000.0,Kilometer,APERC placeholder road defaults,
17SGP,Current Accounts,Demand\Freight road\Trucks\PHEV heavy,Fuel Economy,2022,150.0,MJ/100 km,APERC placeholder road defaults,
17SGP,Current Accounts,Demand\Freight road\Trucks\PHEV heavy,Sales Share,2022,3.0,Share,transport_leap_export_combined_17_SGP_domestic_international_Target_20260514.xlsx,Transport LEAP export value overlay applied from Singapore / Target.
17SGP,Current Accounts,Demand\Freight road\Trucks\PHEV heavy,Stock,2022,0.0,Device,APERC placeholder road defaults,
17SGP,Current Accounts,Demand\Freight road\Trucks\PHEV medium,Fuel Economy,2022,150.0,MJ/100 km,APERC placeholder road defaults,
17SGP,Current Accounts,Demand\Freight road\Trucks\PHEV medium,Sales Share,2022,5.0,Share,transport_leap_export_combined_17_SGP_domestic_international_Target_20260514.xlsx,Transport LEAP export value overlay applied from Singapore / Target.
17SGP,Current Accounts,Demand\Freight road\Trucks\PHEV medium,Stock,2022,0.0,Device,APERC placeholder road defaults,
17SGP,Current Accounts,Demand\Passenger road,Passenger Vehicle Saturation,2022,135.0,Device,apec_passenger_vehicle_saturation.csv,"Passenger saturation from apec_passenger_vehicle_saturation.csv; lower=120, upper=155, grade=B, status=synthetic_estimate."
17SGP,Current Accounts,Demand\Passenger road,Reconciliation Bound Lower,2022,0.85,Share,apec_reconciliation_factors.csv,Reconciliation factor from apec_reconciliation_factors.csv (passenger).
17SGP,Current Accounts,Demand\Passenger road,Reconciliation Bound Upper,2022,1.15,Share,apec_reconciliation_factors.csv,Reconciliation factor from apec_reconciliation_factors.csv (passenger).
17SGP,Current Accounts,Demand\Passenger road,Reconciliation Weight,2022,1.0,Weight,apec_reconciliation_factors.csv,Reconciliation factor from apec_reconciliation_factors.csv (passenger).
17SGP,Current Accounts,Demand\Passenger road\Age 0,Survival Rate,2022,100.0,Share,vehicle_survival_modified_00_APEC.xlsx,"Survival Rate imported from vehicle_survival_modified_00_APEC.xlsx; transport=passenger, age=0."
17SGP,Current Accounts,Demand\Passenger road\Age 0,Vintage Profile Share,2022,0.0,Share,vintage_modelled_from_survival_00_APEC.xlsx,"Vintage Profile Share imported from vintage_modelled_from_survival_00_APEC.xlsx; transport=passenger, age=0."
17SGP,Current Accounts,Demand\Passenger road\Age 1,Survival Rate,2022,98.35050884439848,Share,vehicle_survival_modified_00_APEC.xlsx,"Survival Rate imported from vehicle_survival_modified_00_APEC.xlsx; transport=passenger, age=1."
17SGP,Current Accounts,Demand\Passenger road\Age 1,Vintage Profile Share,2022,6.87728133222157,Share,vintage_modelled_from_survival_00_APEC.xlsx,"Vintage Profile Share imported from vintage_modelled_from_survival_00_APEC.xlsx; transport=passenger, age=1."
17SGP,Current Accounts,Demand\Passenger road\Age 10,Survival Rate,2022,69.05522820797384,Share,vehicle_survival_modified_00_APEC.xlsx,"Survival Rate imported from vehicle_survival_modified_00_APEC.xlsx; transport=passenger, age=10."
17SGP,Current Accounts,Demand\Passenger road\Age 10,Vintage Profile Share,2022,4.828772493677316,Share,vintage_modelled_from_survival_00_APEC.xlsx,"Vintage Profile Share imported from vintage_modelled_from_survival_00_APEC.xlsx; transport=passenger, age=10."
17SGP,Current Accounts,Demand\Passenger road\Age 11,Survival Rate,2022,64.21181670816591,Share,vehicle_survival_modified_00_APEC.xlsx,"Survival Rate imported from vehicle_survival_modified_00_APEC.xlsx; transport=passenger, age=11."
17SGP,Current Accounts,Demand\Passenger road\Age 11,Vintage Profile Share,2022,4.490090936425835,Share,vintage_modelled_from_survival_00_APEC.xlsx,"Vintage Profile Share imported from vintage_modelled_from_survival_00_APEC.xlsx; transport=passenger, age=11."
17SGP,Current Accounts,Demand\Passenger road\Age 12,Survival Rate,2022,59.31466604642736,Share,vehicle_survival_modified_00_APEC.xlsx,"Survival Rate imported from vehicle_survival_modified_00_APEC.xlsx; transport=passenger, age=12."
17SGP,Current Accounts,Demand\Passenger road\Age 12,Vintage Profile Share,2022,4.147651601614308,Share,vintage_modelled_from_survival_00_APEC.xlsx,"Vintage Profile Share imported from vintage_modelled_from_survival_00_APEC.xlsx; transport=passenger, age=12."
17SGP,Current Accounts,Demand\Passenger road\Age 13,Survival Rate,2022,54.42994661655327,Share,vehicle_survival_modified_00_APEC.xlsx,"Survival Rate imported from vehicle_survival_modified_00_APEC.xlsx; transport=passenger, age=13."
17SGP,Current Accounts,Demand\Passenger road\Age 13,Vintage Profile Share,2022,3.806081536111526,Share,vintage_modelled_from_survival_00_APEC.xlsx,"Vintage Profile Share imported from vintage_modelled_from_survival_00_APEC.xlsx; transport=passenger, age=13."
17SGP,Current Accounts,Demand\Passenger road\Age 14,Survival Rate,2022,49.61835434222866,Share,vehicle_survival_modified_00_APEC.xlsx,"Survival Rate imported from vehicle_survival_modified_00_APEC.xlsx; transport=passenger, age=14."
17SGP,Current Accounts,Demand\Passenger road\Age 14,Vintage Profile Share,2022,3.469624977672898,Share,vintage_modelled_from_survival_00_APEC.xlsx,"Vintage Profile Share imported from vintage_modelled_from_survival_00_APEC.xlsx; transport=passenger, age=14."
17SGP,Current Accounts,Demand\Passenger road\Age 15,Survival Rate,2022,44.93403004760519,Share,vehicle_survival_modified_00_APEC.xlsx,"Survival Rate imported from vehicle_survival_modified_00_APEC.xlsx; transport=passenger, age=15."
17SGP,Current Accounts,Demand\Passenger road\Age 15,Vintage Profile Share,2022,3.142067790587528,Share,vintage_modelled_from_survival_00_APEC.xlsx,"Vintage Profile Share imported from vintage_modelled_from_survival_00_APEC.xlsx; transport=passenger, age=15."
17SGP,Current Accounts,Demand\Passenger road\Age 16,Survival Rate,2022,40.4237768517288,Share,vehicle_survival_modified_00_APEC.xlsx,"Survival Rate imported from vehicle_survival_modified_00_APEC.xlsx; transport=passenger, age=16."
17SGP,Current Accounts,Demand\Passenger road\Age 16,Vintage Profile Share,2022,2.826682741012771,Share,vintage_modelled_from_survival_00_APEC.xlsx,"Vintage Profile Share imported from vintage_modelled_from_survival_00_APEC.xlsx; transport=passenger, age=16."
17SGP,Current Accounts,Demand\Passenger road\Age 17,Survival Rate,2022,36.12657877422551,Share,vehicle_survival_modified_00_APEC.xlsx,"Survival Rate imported from vehicle_survival_modified_00_APEC.xlsx; transport=passenger, age=17."
17SGP,Current Accounts,Demand\Passenger road\Age 17,Vintage Profile Share,2022,2.526195834879646,Share,vintage_modelled_from_survival_00_APEC.xlsx,"Vintage Profile Share imported from vintage_modelled_from_survival_00_APEC.xlsx; transport=passenger, age=17."
17SGP,Current Accounts,Demand\Passenger road\Age 18,Survival Rate,2022,32.07341026708008,Share,vehicle_survival_modified_00_APEC.xlsx,"Survival Rate imported from vehicle_survival_modified_00_APEC.xlsx; transport=passenger, age=18."
17SGP,Current Accounts,Demand\Passenger road\Age 18,Vintage Profile Share,2022,2.242772999166201,Share,vintage_modelled_from_survival_00_APEC.xlsx,"Vintage Profile Share imported from vintage_modelled_from_survival_00_APEC.xlsx; transport=passenger, age=18."
17SGP,Current Accounts,Demand\Passenger road\Age 19,Survival Rate,2022,28.28731469361492,Share,vehicle_survival_modified_00_APEC.xlsx,"Survival Rate imported from vehicle_survival_modified_00_APEC.xlsx; transport=passenger, age=19."
17SGP,Current Accounts,Demand\Passenger road\Age 19,Vintage Profile Share,2022,1.978025569637455,Share,vintage_modelled_from_survival_00_APEC.xlsx,"Vintage Profile Share imported from vintage_modelled_from_survival_00_APEC.xlsx; transport=passenger, age=19."
17SGP,Current Accounts,Demand\Passenger road\Age 2,Survival Rate,2022,97.38431110225432,Share,vehicle_survival_modified_00_APEC.xlsx,"Survival Rate imported from vehicle_survival_modified_00_APEC.xlsx; transport=passenger, age=2."
17SGP,Current Accounts,Demand\Passenger road\Age 2,Vintage Profile Share,2022,6.809718756558687,Share,vintage_modelled_from_survival_00_APEC.xlsx,"Vintage Profile Share imported from vintage_modelled_from_survival_00_APEC.xlsx; transport=passenger, age=2."
17SGP,Current Accounts,Demand\Passenger road\Age 20,Survival Rate,2022,24.78372034300386,Share,vehicle_survival_modified_00_APEC.xlsx,"Survival Rate imported from vehicle_survival_modified_00_APEC.xlsx; transport=passenger, age=20."
17SGP,Current Accounts,Demand\Passenger road\Age 20,Vintage Profile Share,2022,1.733032388552284,Share,vintage_modelled_from_survival_00_APEC.xlsx,"Vintage Profile Share imported from vintage_modelled_from_survival_00_APEC.xlsx; transport=passenger, age=20."
17SGP,Current Accounts,Demand\Passenger road\Age 21,Survival Rate,2022,21.57095569063096,Share,vehicle_survival_modified_00_APEC.xlsx,"Survival Rate imported from vehicle_survival_modified_00_APEC.xlsx; transport=passenger, age=21."
17SGP,Current Accounts,Demand\Passenger road\Age 21,Vintage Profile Share,2022,1.508375834883179,Share,vintage_modelled_from_survival_00_APEC.xlsx,"Vintage Profile Share imported from vintage_modelled_from_survival_00_APEC.xlsx; transport=passenger, age=21."
17SGP,Current Accounts,Demand\Passenger road\Age 22,Survival Rate,2022,18.6509213961561,Share,vehicle_survival_modified_00_APEC.xlsx,"Survival Rate imported from vehicle_survival_modified_00_APEC.xlsx; transport=passenger, age=22."
17SGP,Current Accounts,Demand\Passenger road\Age 22,Vintage Profile Share,2022,1.304188814614574,Share,vintage_modelled_from_survival_00_APEC.xlsx,"Vintage Profile Share imported from vintage_modelled_from_survival_00_APEC.xlsx; transport=passenger, age=22."
17SGP,Current Accounts,Demand\Passenger road\Age 23,Survival Rate,2022,16.01987490154123,Share,vehicle_survival_modified_00_APEC.xlsx,"Survival Rate imported from vehicle_survival_modified_00_APEC.xlsx; transport=passenger, age=23."
17SGP,Current Accounts,Demand\Passenger road\Age 23,Vintage Profile Share,2022,1.120209624733114,Share,vintage_modelled_from_survival_00_APEC.xlsx,"Vintage Profile Share imported from vintage_modelled_from_survival_00_APEC.xlsx; transport=passenger, age=23."
17SGP,Current Accounts,Demand\Passenger road\Age 24,Survival Rate,2022,13.66928422908279,Share,vehicle_survival_modified_00_APEC.xlsx,"Survival Rate imported from vehicle_survival_modified_00_APEC.xlsx; transport=passenger, age=24."
17SGP,Current Accounts,Demand\Passenger road\Age 24,Vintage Profile Share,2022,0.9558416561141768,Share,vintage_modelled_from_survival_00_APEC.xlsx,"Vintage Profile Share imported from vintage_modelled_from_survival_00_APEC.xlsx; transport=passenger, age=24."
17SGP,Current Accounts,Demand\Passenger road\Age 25,Survival Rate,2022,11.58671034557612,Share,vehicle_survival_modified_00_APEC.xlsx,"Survival Rate imported from vehicle_survival_modified_00_APEC.xlsx; transport=passenger, age=25."
17SGP,Current Accounts,Demand\Passenger road\Age 25,Vintage Profile Share,2022,0.8102150939306263,Share,vintage_modelled_from_survival_00_APEC.xlsx,"Vintage Profile Share imported from vintage_modelled_from_survival_00_APEC.xlsx; transport=passenger, age=25."
17SGP,Current Accounts,Demand\Passenger road\Age 26,Survival Rate,2022,9.756681833914774,Share,vehicle_survival_modified_00_APEC.xlsx,"Survival Rate imported from vehicle_survival_modified_00_APEC.xlsx; transport=passenger, age=26."
17SGP,Current Accounts,Demand\Passenger road\Age 26,Vintage Profile Share,2022,0.6822480801493997,Share,vintage_modelled_from_survival_00_APEC.xlsx,"Vintage Profile Share imported from vintage_modelled_from_survival_00_APEC.xlsx; transport=passenger, age=26."
17SGP,Current Accounts,Demand\Passenger road\Age 27,Survival Rate,2022,8.16153113704114,Share,vehicle_survival_modified_00_APEC.xlsx,"Survival Rate imported from vehicle_survival_modified_00_APEC.xlsx; transport=passenger, age=27."
17SGP,Current Accounts,Demand\Passenger road\Age 27,Vintage Profile Share,2022,0.5707051889270927,Share,vintage_modelled_from_survival_00_APEC.xlsx,"Vintage Profile Share imported from vintage_modelled_from_survival_00_APEC.xlsx; transport=passenger, age=27."
17SGP,Current Accounts,Demand\Passenger road\Age 28,Survival Rate,2022,6.78216784551927,Share,vehicle_survival_modified_00_APEC.xlsx,"Survival Rate imported from vehicle_survival_modified_00_APEC.xlsx; transport=passenger, age=28."
17SGP,Current Accounts,Demand\Passenger road\Age 28,Vintage Profile Share,2022,0.4742514997027351,Share,vintage_modelled_from_survival_00_APEC.xlsx,"Vintage Profile Share imported from vintage_modelled_from_survival_00_APEC.xlsx; transport=passenger, age=28."
17SGP,Current Accounts,Demand\Passenger road\Age 29,Survival Rate,2022,5.598770950068928,Share,vehicle_survival_modified_00_APEC.xlsx,"Survival Rate imported from vehicle_survival_modified_00_APEC.xlsx; transport=passenger, age=29."
17SGP,Current Accounts,Demand\Passenger road\Age 29,Vintage Profile Share,2022,0.3915010038149537,Share,vintage_modelled_from_survival_00_APEC.xlsx,"Vintage Profile Share imported from vintage_modelled_from_survival_00_APEC.xlsx; transport=passenger, age=29."
17SGP,Current Accounts,Demand\Passenger road\Age 3,Survival Rate,2022,95.47201335050973,Share,vehicle_survival_modified_00_APEC.xlsx,"Survival Rate imported from vehicle_survival_modified_00_APEC.xlsx; transport=passenger, age=3."
17SGP,Current Accounts,Demand\Passenger road\Age 3,Vintage Profile Share,2022,6.675998964111762,Share,vintage_modelled_from_survival_00_APEC.xlsx,"Vintage Profile Share imported from vintage_modelled_from_survival_00_APEC.xlsx; transport=passenger, age=3."
17SGP,Current Accounts,Demand\Passenger road\Age 30,Survival Rate,2022,4.59138828696925,Share,vehicle_survival_modified_00_APEC.xlsx,"Survival Rate imported from vehicle_survival_modified_00_APEC.xlsx; transport=passenger, age=30."
17SGP,Current Accounts,Demand\Passenger road\Age 30,Vintage Profile Share,2022,0.3210585214654212,Share,vintage_modelled_from_survival_00_APEC.xlsx,"Vintage Profile Share imported from vintage_modelled_from_survival_00_APEC.xlsx; transport=passenger, age=30."
17SGP,Current Accounts,Demand\Passenger road\Age 4,Survival Rate,2022,92.98056340291814,Share,vehicle_survival_modified_00_APEC.xlsx,"Survival Rate imported from vehicle_survival_modified_00_APEC.xlsx; transport=passenger, age=4."
17SGP,Current Accounts,Demand\Passenger road\Age 4,Vintage Profile Share,2022,6.501781235946833,Share,vintage_modelled_from_survival_00_APEC.xlsx,"Vintage Profile Share imported from vintage_modelled_from_survival_00_APEC.xlsx; transport=passenger, age=4."
17SGP,Current Accounts,Demand\Passenger road\Age 5,Survival Rate,2022,89.95747462438484,Share,vehicle_survival_modified_00_APEC.xlsx,"Survival Rate imported from vehicle_survival_modified_00_APEC.xlsx; transport=passenger, age=5."
17SGP,Current Accounts,Demand\Passenger road\Age 5,Vintage Profile Share,2022,6.290388003044004,Share,vintage_modelled_from_survival_00_APEC.xlsx,"Vintage Profile Share imported from vintage_modelled_from_survival_00_APEC.xlsx; transport=passenger, age=5."
17SGP,Current Accounts,Demand\Passenger road\Age 6,Survival Rate,2022,86.45921809038188,Share,vehicle_survival_modified_00_APEC.xlsx,"Survival Rate imported from vehicle_survival_modified_00_APEC.xlsx; transport=passenger, age=6."
17SGP,Current Accounts,Demand\Passenger road\Age 6,Vintage Profile Share,2022,6.045768075406579,Share,vintage_modelled_from_survival_00_APEC.xlsx,"Vintage Profile Share imported from vintage_modelled_from_survival_00_APEC.xlsx; transport=passenger, age=6."
17SGP,Current Accounts,Demand\Passenger road\Age 7,Survival Rate,2022,82.54947059073915,Share,vehicle_survival_modified_00_APEC.xlsx,"Survival Rate imported from vehicle_survival_modified_00_APEC.xlsx; transport=passenger, age=7."
17SGP,Current Accounts,Demand\Passenger road\Age 7,Vintage Profile Share,2022,5.772374131552834,Share,vintage_modelled_from_survival_00_APEC.xlsx,"Vintage Profile Share imported from vintage_modelled_from_survival_00_APEC.xlsx; transport=passenger, age=7."
17SGP,Current Accounts,Demand\Passenger road\Age 8,Survival Rate,2022,78.29719253444607,Share,vehicle_survival_modified_00_APEC.xlsx,"Survival Rate imported from vehicle_survival_modified_00_APEC.xlsx; transport=passenger, age=8."
17SGP,Current Accounts,Demand\Passenger road\Age 8,Vintage Profile Share,2022,5.475028313624964,Share,vintage_modelled_from_survival_00_APEC.xlsx,"Vintage Profile Share imported from vintage_modelled_from_survival_00_APEC.xlsx; transport=passenger, age=8."
17SGP,Current Accounts,Demand\Passenger road\Age 9,Survival Rate,2022,73.77461655055549,Share,vehicle_survival_modified_00_APEC.xlsx,"Survival Rate imported from vehicle_survival_modified_00_APEC.xlsx; transport=passenger, age=9."
17SGP,Current Accounts,Demand\Passenger road\Age 9,Vintage Profile Share,2022,5.158781577812213,Share,vintage_modelled_from_survival_00_APEC.xlsx,"Vintage Profile Share imported from vintage_modelled_from_survival_00_APEC.xlsx; transport=passenger, age=9."
17SGP,Current Accounts,Demand\Passenger road\Buses,Mileage,2022,45000.0,Kilometer,APERC placeholder road defaults,
17SGP,Current Accounts,Demand\Passenger road\Buses,Vehicle Equivalent Weight,2022,12.0,Vehicle equivalent,apec_vehicle_equivalent_weights.csv,Vehicle Equivalent Weight from apec_vehicle_equivalent_weights.csv (bus).
17SGP,Current Accounts,Demand\Passenger road\Buses\BEV,Sales Share,2022,10.0,Share,transport_leap_export_combined_17_SGP_domestic_international_Target_20260514.xlsx,Transport LEAP export value overlay applied from Singapore / Target.
17SGP,Current Accounts,Demand\Passenger road\Buses\BEV,Stock,2022,4233.6,Device,APERC placeholder road defaults,
17SGP,Current Accounts,Demand\Passenger road\Buses\BEV\Electricity,Fuel Economy,2022,489.2679281890282,MJ/100 km,transport_leap_export_combined_17_SGP_domestic_international_Target_20260514.xlsx,Transport LEAP export value overlay applied from Singapore / Target.
17SGP,Current Accounts,Demand\Passenger road\Buses\FCEV,Sales Share,2022,5.0,Share,transport_leap_export_combined_17_SGP_domestic_international_Target_20260514.xlsx,Transport LEAP export value overlay applied from Singapore / Target.
17SGP,Current Accounts,Demand\Passenger road\Buses\FCEV,Stock,2022,470.4,Device,APERC placeholder road defaults,
17SGP,Current Accounts,Demand\Passenger road\Buses\FCEV\Hydrogen,Fuel Economy,2022,747.5758279929628,MJ/100 km,transport_leap_export_combined_17_SGP_domestic_international_Target_20260514.xlsx,Transport LEAP export value overlay applied from Singapore / Target.
17SGP,Current Accounts,Demand\Passenger road\Buses\ICE,Sales Share,2022,75.0,Share,transport_leap_export_combined_17_SGP_domestic_international_Target_20260514.xlsx,Transport LEAP export value overlay applied from Singapore / Target.
17SGP,Current Accounts,Demand\Passenger road\Buses\ICE,Stock,2022,41865.6,Device,APERC placeholder road defaults,
17SGP,Current Accounts,Demand\Passenger road\Buses\ICE\Gas and diesel oil,Fuel Economy,2022,1453.526348003092,MJ/100 km,transport_leap_export_combined_17_SGP_domestic_international_Target_20260514.xlsx,Transport LEAP export value overlay applied from Singapore / Target.
17SGP,Current Accounts,Demand\Passenger road\Buses\ICE\LPG,Fuel Economy,2022,643.8156000431985,MJ/100 km,transport_leap_export_combined_17_SGP_domestic_international_Target_20260514.xlsx,Transport LEAP export value overlay applied from Singapore / Target.
17SGP,Current Accounts,Demand\Passenger road\Buses\ICE\Motor gasoline,Fuel Economy,2022,1490.264558818615,MJ/100 km,transport_leap_export_combined_17_SGP_domestic_international_Target_20260514.xlsx,Transport LEAP export value overlay applied from Singapore / Target.
17SGP,Current Accounts,Demand\Passenger road\Buses\ICE\Natural gas,Fuel Economy,2022,1507.569265385812,MJ/100 km,transport_leap_export_combined_17_SGP_domestic_international_Target_20260514.xlsx,Transport LEAP export value overlay applied from Singapore / Target.
17SGP,Current Accounts,Demand\Passenger road\Buses\PHEV,Fuel Economy,2022,150.0,MJ/100 km,APERC placeholder road defaults,
17SGP,Current Accounts,Demand\Passenger road\Buses\PHEV,Sales Share,2022,8.0,Share,transport_leap_export_combined_17_SGP_domestic_international_Target_20260514.xlsx,Transport LEAP export value overlay applied from Singapore / Target.
17SGP,Current Accounts,Demand\Passenger road\Buses\PHEV,Stock,2022,0.0,Device,APERC placeholder road defaults,
17SGP,Current Accounts,Demand\Passenger road\LPVs\BEV large,Sales Share,2022,4.0,Share,transport_leap_export_combined_17_SGP_domestic_international_Target_20260514.xlsx,Transport LEAP export value overlay applied from Singapore / Target.
17SGP,Current Accounts,Demand\Passenger road\LPVs\BEV large,Stock,2022,18816.0,Device,APERC placeholder road defaults,
17SGP,Current Accounts,Demand\Passenger road\LPVs\BEV large\Electricity,Fuel Economy,2022,193.0037020497485,MJ/100 km,transport_leap_export_combined_17_SGP_domestic_international_Target_20260514.xlsx,Transport LEAP export value overlay applied from Singapore / Target.
17SGP,Current Accounts,Demand\Passenger road\LPVs\BEV medium,Sales Share,2022,7.0,Share,transport_leap_export_combined_17_SGP_domestic_international_Target_20260514.xlsx,Transport LEAP export value overlay applied from Singapore / Target.
17SGP,Current Accounts,Demand\Passenger road\LPVs\BEV medium,Stock,2022,102076.8,Device,APERC placeholder road defaults,
17SGP,Current Accounts,Demand\Passenger road\LPVs\BEV medium\Electricity,Fuel Economy,2022,139.5351540399389,MJ/100 km,transport_leap_export_combined_17_SGP_domestic_international_Target_20260514.xlsx,Transport LEAP export value overlay applied from Singapore / Target.
17SGP,Current Accounts,Demand\Passenger road\LPVs\FCEV large,Sales Share,2022,0.0,Share,APERC placeholder road defaults,
17SGP,Current Accounts,Demand\Passenger road\LPVs\FCEV large,Stock,2022,0.0,Device,APERC placeholder road defaults,
17SGP,Current Accounts,Demand\Passenger road\LPVs\FCEV large\Hydrogen,Fuel Economy,2022,110.0,MJ/100 km,APERC placeholder road defaults,
17SGP,Current Accounts,Demand\Passenger road\LPVs\FCEV medium,Sales Share,2022,0.0,Share,APERC placeholder road defaults,
17SGP,Current Accounts,Demand\Passenger road\LPVs\FCEV medium,Stock,2022,0.0,Device,APERC placeholder road defaults,
17SGP,Current Accounts,Demand\Passenger road\LPVs\FCEV medium\Hydrogen,Fuel Economy,2022,110.0,MJ/100 km,APERC placeholder road defaults,
17SGP,Current Accounts,Demand\Passenger road\LPVs\HEV large,Sales Share,2022,2.0,Share,transport_leap_export_combined_17_SGP_domestic_international_Target_20260514.xlsx,Transport LEAP export value overlay applied from Singapore / Target.
17SGP,Current Accounts,Demand\Passenger road\LPVs\HEV large,Stock,2022,28224.0,Device,APERC placeholder road defaults,
17SGP,Current Accounts,Demand\Passenger road\LPVs\HEV large\Motor gasoline,Fuel Economy,2022,475.6536720636887,MJ/100 km,transport_leap_export_combined_17_SGP_domestic_international_Target_20260514.xlsx,Transport LEAP export value overlay applied from Singapore / Target.
17SGP,Current Accounts,Demand\Passenger road\LPVs\HEV medium,Sales Share,2022,6.0,Share,transport_leap_export_combined_17_SGP_domestic_international_Target_20260514.xlsx,Transport LEAP export value overlay applied from Singapore / Target.
17SGP,Current Accounts,Demand\Passenger road\LPVs\HEV medium,Stock,2022,174988.8,Device,APERC placeholder road defaults,
17SGP,Current Accounts,Demand\Passenger road\LPVs\HEV medium\Motor gasoline,Fuel Economy,2022,352.0252393514514,MJ/100 km,transport_leap_export_combined_17_SGP_domestic_international_Target_20260514.xlsx,Transport LEAP export value overlay applied from Singapore / Target.
17SGP,Current Accounts,Demand\Passenger road\LPVs\ICE large,Sales Share,2022,10.0,Share,transport_leap_export_combined_17_SGP_domestic_international_Target_20260514.xlsx,Transport LEAP export value overlay applied from Singapore / Target.
17SGP,Current Accounts,Demand\Passenger road\LPVs\ICE large,Stock,2022,418656.0,Device,APERC placeholder road defaults,
17SGP,Current Accounts,Demand\Passenger road\LPVs\ICE large\Gas and diesel oil,Fuel Economy,2022,564.6068810514449,MJ/100 km,transport_leap_export_combined_17_SGP_domestic_international_Target_20260514.xlsx,Transport LEAP export value overlay applied from Singapore / Target.
17SGP,Current Accounts,Demand\Passenger road\LPVs\ICE large\LPG,Fuel Economy,2022,253.686339831307,MJ/100 km,transport_leap_export_combined_17_SGP_domestic_international_Target_20260514.xlsx,Transport LEAP export value overlay applied from Singapore / Target.
17SGP,Current Accounts,Demand\Passenger road\LPVs\ICE large\Motor gasoline,Fuel Economy,2022,575.3041641178112,MJ/100 km,transport_leap_export_combined_17_SGP_domestic_international_Target_20260514.xlsx,Transport LEAP export value overlay applied from Singapore / Target.
17SGP,Current Accounts,Demand\Passenger road\LPVs\ICE large\Natural gas,Fuel Economy,2022,599.4253171406623,MJ/100 km,transport_leap_export_combined_17_SGP_domestic_international_Target_20260514.xlsx,Transport LEAP export value overlay applied from Singapore / Target.
17SGP,Current Accounts,Demand\Passenger road\LPVs\ICE medium,Sales Share,2022,18.0,Share,transport_leap_export_combined_17_SGP_domestic_international_Target_20260514.xlsx,Transport LEAP export value overlay applied from Singapore / Target.
17SGP,Current Accounts,Demand\Passenger road\LPVs\ICE medium,Stock,2022,1152009.6,Device,APERC placeholder road defaults,
17SGP,Current Accounts,Demand\Passenger road\LPVs\ICE medium\Gas and diesel oil,Fuel Economy,2022,405.3266985218839,MJ/100 km,transport_leap_export_combined_17_SGP_domestic_international_Target_20260514.xlsx,Transport LEAP export value overlay applied from Singapore / Target.
17SGP,Current Accounts,Demand\Passenger road\LPVs\ICE medium\LPG,Fuel Economy,2022,183.4508655804908,MJ/100 km,transport_leap_export_combined_17_SGP_domestic_international_Target_20260514.xlsx,Transport LEAP export value overlay applied from Singapore / Target.
17SGP,Current Accounts,Demand\Passenger road\LPVs\ICE medium\Motor gasoline,Fuel Economy,2022,419.9110259989257,MJ/100 km,transport_leap_export_combined_17_SGP_domestic_international_Target_20260514.xlsx,Transport LEAP export value overlay applied from Singapore / Target.
17SGP,Current Accounts,Demand\Passenger road\LPVs\ICE medium\Natural gas,Fuel Economy,2022,433.3642742888116,MJ/100 km,transport_leap_export_combined_17_SGP_domestic_international_Target_20260514.xlsx,Transport LEAP export value overlay applied from Singapore / Target.
17SGP,Current Accounts,Demand\Passenger road\LPVs\PHEV large,Fuel Economy,2022,150.0,MJ/100 km,APERC placeholder road defaults,
17SGP,Current Accounts,Demand\Passenger road\LPVs\PHEV large,Sales Share,2022,3.0,Share,transport_leap_export_combined_17_SGP_domestic_international_Target_20260514.xlsx,Transport LEAP export value overlay applied from Singapore / Target.
17SGP,Current Accounts,Demand\Passenger road\LPVs\PHEV large,Stock,2022,4704.0,Device,APERC placeholder road defaults,
17SGP,Current Accounts,Demand\Passenger road\LPVs\PHEV medium,Fuel Economy,2022,150.0,MJ/100 km,APERC placeholder road defaults,
17SGP,Current Accounts,Demand\Passenger road\LPVs\PHEV medium,Sales Share,2022,4.0,Share,transport_leap_export_combined_17_SGP_domestic_international_Target_20260514.xlsx,Transport LEAP export value overlay applied from Singapore / Target.
17SGP,Current Accounts,Demand\Passenger road\LPVs\PHEV medium,Stock,2022,29164.8,Device,APERC placeholder road defaults,
17SGP,Current Accounts,Demand\Passenger road\LPVs\Passenger cars,Mileage,2022,12500.0,Kilometer,APERC placeholder road defaults,
17SGP,Current Accounts,Demand\Passenger road\LPVs\Passenger cars,Vehicle Equivalent Weight,2022,1.0,Vehicle equivalent,apec_vehicle_equivalent_weights.csv,Vehicle Equivalent Weight from apec_vehicle_equivalent_weights.csv (passenger_car).
17SGP,Current Accounts,Demand\Passenger road\LPVs\SUV and light trucks,Mileage,2022,13500.0,Kilometer,APERC placeholder road defaults,
17SGP,Current Accounts,Demand\Passenger road\LPVs\SUV and light trucks,Vehicle Equivalent Weight,2022,1.35,Vehicle equivalent,apec_vehicle_equivalent_weights.csv,Vehicle Equivalent Weight from apec_vehicle_equivalent_weights.csv (suv_light_truck).
17SGP,Current Accounts,Demand\Passenger road\Motorcycles,Mileage,2022,7000.0,Kilometer,APERC placeholder road defaults,
17SGP,Current Accounts,Demand\Passenger road\Motorcycles,Vehicle Equivalent Weight,2022,0.25,Vehicle equivalent,apec_vehicle_equivalent_weights.csv,Vehicle Equivalent Weight from apec_vehicle_equivalent_weights.csv (motorcycle).
17SGP,Current Accounts,Demand\Passenger road\Motorcycles\BEV,Sales Share,2022,20.0,Share,transport_leap_export_combined_17_SGP_domestic_international_Target_20260514.xlsx,Transport LEAP export value overlay applied from Singapore / Target.
17SGP,Current Accounts,Demand\Passenger road\Motorcycles\BEV,Stock,2022,26342.4,Device,APERC placeholder road defaults,
17SGP,Current Accounts,Demand\Passenger road\Motorcycles\BEV\Electricity,Fuel Economy,2022,61.4133274394048,MJ/100 km,transport_leap_export_combined_17_SGP_domestic_international_Target_20260514.xlsx,Transport LEAP export value overlay applied from Singapore / Target.
17SGP,Current Accounts,Demand\Passenger road\Motorcycles\FCEV,Sales Share,2022,0.0,Share,APERC placeholder road defaults,
17SGP,Current Accounts,Demand\Passenger road\Motorcycles\FCEV,Stock,2022,0.0,Device,APERC placeholder road defaults,
17SGP,Current Accounts,Demand\Passenger road\Motorcycles\FCEV\Hydrogen,Fuel Economy,2022,110.0,MJ/100 km,APERC placeholder road defaults,
17SGP,Current Accounts,Demand\Passenger road\Motorcycles\ICE,Sales Share,2022,80.0,Share,transport_leap_export_combined_17_SGP_domestic_international_Target_20260514.xlsx,Transport LEAP export value overlay applied from Singapore / Target.
17SGP,Current Accounts,Demand\Passenger road\Motorcycles\ICE,Stock,2022,349977.6,Device,APERC placeholder road defaults,
17SGP,Current Accounts,Demand\Passenger road\Motorcycles\ICE\Gas and diesel oil,Fuel Economy,2022,112.8361912299064,MJ/100 km,transport_leap_export_combined_17_SGP_domestic_international_Target_20260514.xlsx,Transport LEAP export value overlay applied from Singapore / Target.
17SGP,Current Accounts,Demand\Passenger road\Motorcycles\ICE\LPG,Fuel Economy,2022,280.0,MJ/100 km,APERC placeholder road defaults,
17SGP,Current Accounts,Demand\Passenger road\Motorcycles\ICE\Motor gasoline,Fuel Economy,2022,186.8665147926445,MJ/100 km,transport_leap_export_combined_17_SGP_domestic_international_Target_20260514.xlsx,Transport LEAP export value overlay applied from Singapore / Target.
17SGP,Current Accounts,Demand\Passenger road\Motorcycles\ICE\Natural gas,Fuel Economy,2022,260.0,MJ/100 km,APERC placeholder road defaults,
17SGP,Current Accounts,Demand\Passenger road\Motorcycles\PHEV,Fuel Economy,2022,150.0,MJ/100 km,APERC placeholder road defaults,
17SGP,Current Accounts,Demand\Passenger road\Motorcycles\PHEV,Sales Share,2022,0.0,Share,APERC placeholder road defaults,
17SGP,Current Accounts,Demand\Passenger road\Motorcycles\PHEV,Stock,2022,0.0,Device,APERC placeholder road defaults,
17SGP,Current Accounts,Demand\Passenger road\PHEV,PHEV Electric Driving Share,2022,0.58,Share,apec_phev_utilisation_rates.csv,PHEV utilisation rate from apec_phev_utilisation_rates.csv; source data_year 2025; evidence_grade B; range 0.48-0.66; synthetic_estimate. Future-year changes are handled by LEAP adjustment variables.
17SGP,Current Accounts,Demand\Passenger road,Passenger Saturation Reached,2022,1.0,Boolean,apec_passenger_vehicle_saturation.csv,Lenient passenger saturation reached flag from apec_passenger_vehicle_saturation.csv; reached_saturation_lenient=True.
17SGP,Current Accounts,Demand\Passenger road\LPVs\Passenger cars,Vehicle Equivalent Weight Lower Bound,2022,1.0,Vehicle equivalent,apec_vehicle_equivalent_weights.csv,Vehicle Equivalent Weight Lower Bound from apec_vehicle_equivalent_weights.csv (passenger_car).
17SGP,Current Accounts,Demand\Passenger road\LPVs\Passenger cars,Vehicle Equivalent Weight Upper Bound,2022,1.0,Vehicle equivalent,apec_vehicle_equivalent_weights.csv,Vehicle Equivalent Weight Upper Bound from apec_vehicle_equivalent_weights.csv (passenger_car).
17SGP,Current Accounts,Demand\Passenger road\LPVs\SUV and light trucks,Vehicle Equivalent Weight Lower Bound,2022,1.0,Vehicle equivalent,apec_vehicle_equivalent_weights.csv,Vehicle Equivalent Weight Lower Bound from apec_vehicle_equivalent_weights.csv (suv_light_truck).
17SGP,Current Accounts,Demand\Passenger road\LPVs\SUV and light trucks,Vehicle Equivalent Weight Upper Bound,2022,1.5,Vehicle equivalent,apec_vehicle_equivalent_weights.csv,Vehicle Equivalent Weight Upper Bound from apec_vehicle_equivalent_weights.csv (suv_light_truck).
17SGP,Current Accounts,Demand\Passenger road\Buses,Vehicle Equivalent Weight Lower Bound,2022,8.0,Vehicle equivalent,apec_vehicle_equivalent_weights.csv,Vehicle Equivalent Weight Lower Bound from apec_vehicle_equivalent_weights.csv (bus).
17SGP,Current Accounts,Demand\Passenger road\Buses,Vehicle Equivalent Weight Upper Bound,2022,80.0,Vehicle equivalent,apec_vehicle_equivalent_weights.csv,Vehicle Equivalent Weight Upper Bound from apec_vehicle_equivalent_weights.csv (bus).
17SGP,Current Accounts,Demand\Passenger road\Motorcycles,Vehicle Equivalent Weight Lower Bound,2022,0.05,Vehicle equivalent,apec_vehicle_equivalent_weights.csv,Vehicle Equivalent Weight Lower Bound from apec_vehicle_equivalent_weights.csv (motorcycle).
17SGP,Current Accounts,Demand\Passenger road\Motorcycles,Vehicle Equivalent Weight Upper Bound,2022,0.8,Vehicle equivalent,apec_vehicle_equivalent_weights.csv,Vehicle Equivalent Weight Upper Bound from apec_vehicle_equivalent_weights.csv (motorcycle).
