Branch Path,Variable,Scenario,Region,Scale,Units,Per...,2022,input_source,standardized_label_status,notes,source_type,source_name,source_scope,source_date,default_version,researcher_review_recommended,review_reason
Demand\Freight road,Reconciliation Bound Lower,Current Accounts,Mexico,%,Share,,0.85,provided,standardized,Reconciliation factor from apec_reconciliation_factors.csv (freight).,apec_reconciliation_factors,apec_reconciliation_factors.csv,freight,2026,v2026_05_25_best_guess,False,
Demand\Freight road,Reconciliation Bound Upper,Current Accounts,Mexico,%,Share,,1.15,provided,standardized,Reconciliation factor from apec_reconciliation_factors.csv (freight).,apec_reconciliation_factors,apec_reconciliation_factors.csv,freight,2026,v2026_05_25_best_guess,False,
Demand\Freight road,Reconciliation Weight,Current Accounts,Mexico,,Weight,,1.0,provided,standardized,Reconciliation factor from apec_reconciliation_factors.csv (freight).,apec_reconciliation_factors,apec_reconciliation_factors.csv,freight,2026,v2026_05_25_best_guess,False,
Demand\Freight road\Age 0,Survival Rate,Current Accounts,Mexico,%,Share,,1.0,default,standardized,,default_best_guess,APERC placeholder road defaults,all_apec_economies_until_researcher_update,2026-05-25,v2026_05_25_best_guess,False,
Demand\Freight road\Age 0,Vintage Profile Share,Current Accounts,Mexico,%,Share,,1.0,default,standardized,Normalize across ages before use.,default_best_guess,APERC placeholder road defaults,all_apec_economies_until_researcher_update,2026-05-25,v2026_05_25_best_guess,False,
Demand\Freight road\Age 1,Survival Rate,Current Accounts,Mexico,%,Share,,0.99966363,default,standardized,,default_best_guess,APERC placeholder road defaults,all_apec_economies_until_researcher_update,2026-05-25,v2026_05_25_best_guess,False,
Demand\Freight road\Age 1,Vintage Profile Share,Current Accounts,Mexico,%,Share,,0.91,default,standardized,Normalize across ages before use.,default_best_guess,APERC placeholder road defaults,all_apec_economies_until_researcher_update,2026-05-25,v2026_05_25_best_guess,False,
Demand\Freight road\Age 10,Survival Rate,Current Accounts,Mexico,%,Share,,0.915507,default,standardized,,default_best_guess,APERC placeholder road defaults,all_apec_economies_until_researcher_update,2026-05-25,v2026_05_25_best_guess,False,
Demand\Freight road\Age 10,Vintage Profile Share,Current Accounts,Mexico,%,Share,,0.38941612,default,standardized,Normalize across ages before use.,default_best_guess,APERC placeholder road defaults,all_apec_economies_until_researcher_update,2026-05-25,v2026_05_25_best_guess,False,
Demand\Freight road\Age 11,Survival Rate,Current Accounts,Mexico,%,Share,,0.89379055,default,standardized,,default_best_guess,APERC placeholder road defaults,all_apec_economies_until_researcher_update,2026-05-25,v2026_05_25_best_guess,False,
Demand\Freight road\Age 11,Vintage Profile Share,Current Accounts,Mexico,%,Share,,0.35436867,default,standardized,Normalize across ages before use.,default_best_guess,APERC placeholder road defaults,all_apec_economies_until_researcher_update,2026-05-25,v2026_05_25_best_guess,False,
Demand\Freight road\Age 12,Survival Rate,Current Accounts,Mexico,%,Share,,0.8691253,default,standardized,,default_best_guess,APERC placeholder road defaults,all_apec_economies_until_researcher_update,2026-05-25,v2026_05_25_best_guess,False,
Demand\Freight road\Age 12,Vintage Profile Share,Current Accounts,Mexico,%,Share,,0.32247549,default,standardized,Normalize across ages before use.,default_best_guess,APERC placeholder road defaults,all_apec_economies_until_researcher_update,2026-05-25,v2026_05_25_best_guess,False,
Demand\Freight road\Age 13,Survival Rate,Current Accounts,Mexico,%,Share,,0.84140672,default,standardized,,default_best_guess,APERC placeholder road defaults,all_apec_economies_until_researcher_update,2026-05-25,v2026_05_25_best_guess,False,
Demand\Freight road\Age 13,Vintage Profile Share,Current Accounts,Mexico,%,Share,,0.29345269,default,standardized,Normalize across ages before use.,default_best_guess,APERC placeholder road defaults,all_apec_economies_until_researcher_update,2026-05-25,v2026_05_25_best_guess,False,
Demand\Freight road\Age 14,Survival Rate,Current Accounts,Mexico,%,Share,,0.81053543,default,standardized,,default_best_guess,APERC placeholder road defaults,all_apec_economies_until_researcher_update,2026-05-25,v2026_05_25_best_guess,False,
Demand\Freight road\Age 14,Vintage Profile Share,Current Accounts,Mexico,%,Share,,0.26704195,default,standardized,Normalize across ages before use.,default_best_guess,APERC placeholder road defaults,all_apec_economies_until_researcher_update,2026-05-25,v2026_05_25_best_guess,False,
Demand\Freight road\Age 15,Survival Rate,Current Accounts,Mexico,%,Share,,0.7764165,default,standardized,,default_best_guess,APERC placeholder road defaults,all_apec_economies_until_researcher_update,2026-05-25,v2026_05_25_best_guess,False,
Demand\Freight road\Age 15,Vintage Profile Share,Current Accounts,Mexico,%,Share,,0.24300818,default,standardized,Normalize across ages before use.,default_best_guess,APERC placeholder road defaults,all_apec_economies_until_researcher_update,2026-05-25,v2026_05_25_best_guess,False,
Demand\Freight road\Age 16,Survival Rate,Current Accounts,Mexico,%,Share,,0.73895902,default,standardized,,default_best_guess,APERC placeholder road defaults,all_apec_economies_until_researcher_update,2026-05-25,v2026_05_25_best_guess,False,
Demand\Freight road\Age 16,Vintage Profile Share,Current Accounts,Mexico,%,Share,,0.22113744,default,standardized,Normalize across ages before use.,default_best_guess,APERC placeholder road defaults,all_apec_economies_until_researcher_update,2026-05-25,v2026_05_25_best_guess,False,
Demand\Freight road\Age 17,Survival Rate,Current Accounts,Mexico,%,Share,,0.69807565,default,standardized,,default_best_guess,APERC placeholder road defaults,all_apec_economies_until_researcher_update,2026-05-25,v2026_05_25_best_guess,False,
Demand\Freight road\Age 17,Vintage Profile Share,Current Accounts,Mexico,%,Share,,0.20123507,default,standardized,Normalize across ages before use.,default_best_guess,APERC placeholder road defaults,all_apec_economies_until_researcher_update,2026-05-25,v2026_05_25_best_guess,False,
Demand\Freight road\Age 18,Survival Rate,Current Accounts,Mexico,%,Share,,0.65368226,default,standardized,,default_best_guess,APERC placeholder road defaults,all_apec_economies_until_researcher_update,2026-05-25,v2026_05_25_best_guess,False,
Demand\Freight road\Age 18,Vintage Profile Share,Current Accounts,Mexico,%,Share,,0.18312391,default,standardized,Normalize across ages before use.,default_best_guess,APERC placeholder road defaults,all_apec_economies_until_researcher_update,2026-05-25,v2026_05_25_best_guess,False,
Demand\Freight road\Age 19,Survival Rate,Current Accounts,Mexico,%,Share,,0.60569765,default,standardized,,default_best_guess,APERC placeholder road defaults,all_apec_economies_until_researcher_update,2026-05-25,v2026_05_25_best_guess,False,
Demand\Freight road\Age 19,Vintage Profile Share,Current Accounts,Mexico,%,Share,,0.16664276,default,standardized,Normalize across ages before use.,default_best_guess,APERC placeholder road defaults,all_apec_economies_until_researcher_update,2026-05-25,v2026_05_25_best_guess,False,
Demand\Freight road\Age 2,Survival Rate,Current Accounts,Mexico,%,Share,,0.99822461,default,standardized,,default_best_guess,APERC placeholder road defaults,all_apec_economies_until_researcher_update,2026-05-25,v2026_05_25_best_guess,False,
Demand\Freight road\Age 2,Vintage Profile Share,Current Accounts,Mexico,%,Share,,0.8281,default,standardized,Normalize across ages before use.,default_best_guess,APERC placeholder road defaults,all_apec_economies_until_researcher_update,2026-05-25,v2026_05_25_best_guess,False,
Demand\Freight road\Age 20,Survival Rate,Current Accounts,Mexico,%,Share,,0.55404328,default,standardized,,default_best_guess,APERC placeholder road defaults,all_apec_economies_until_researcher_update,2026-05-25,v2026_05_25_best_guess,False,
Demand\Freight road\Age 20,Vintage Profile Share,Current Accounts,Mexico,%,Share,,0.15164491,default,standardized,Normalize across ages before use.,default_best_guess,APERC placeholder road defaults,all_apec_economies_until_researcher_update,2026-05-25,v2026_05_25_best_guess,False,
Demand\Freight road\Age 21,Survival Rate,Current Accounts,Mexico,%,Share,,0.49864306,default,standardized,,default_best_guess,APERC placeholder road defaults,all_apec_economies_until_researcher_update,2026-05-25,v2026_05_25_best_guess,False,
Demand\Freight road\Age 21,Vintage Profile Share,Current Accounts,Mexico,%,Share,,0.13799687,default,standardized,Normalize across ages before use.,default_best_guess,APERC placeholder road defaults,all_apec_economies_until_researcher_update,2026-05-25,v2026_05_25_best_guess,False,
Demand\Freight road\Age 22,Survival Rate,Current Accounts,Mexico,%,Share,,0.43942315,default,standardized,,default_best_guess,APERC placeholder road defaults,all_apec_economies_until_researcher_update,2026-05-25,v2026_05_25_best_guess,False,
Demand\Freight road\Age 22,Vintage Profile Share,Current Accounts,Mexico,%,Share,,0.12557715,default,standardized,Normalize across ages before use.,default_best_guess,APERC placeholder road defaults,all_apec_economies_until_researcher_update,2026-05-25,v2026_05_25_best_guess,False,
Demand\Freight road\Age 23,Survival Rate,Current Accounts,Mexico,%,Share,,0.37631179,default,standardized,,default_best_guess,APERC placeholder road defaults,all_apec_economies_until_researcher_update,2026-05-25,v2026_05_25_best_guess,False,
Demand\Freight road\Age 23,Vintage Profile Share,Current Accounts,Mexico,%,Share,,0.11427521,default,standardized,Normalize across ages before use.,default_best_guess,APERC placeholder road defaults,all_apec_economies_until_researcher_update,2026-05-25,v2026_05_25_best_guess,False,
Demand\Freight road\Age 24,Survival Rate,Current Accounts,Mexico,%,Share,,0.30923917,default,standardized,,default_best_guess,APERC placeholder road defaults,all_apec_economies_until_researcher_update,2026-05-25,v2026_05_25_best_guess,False,
Demand\Freight road\Age 24,Vintage Profile Share,Current Accounts,Mexico,%,Share,,0.10399044,default,standardized,Normalize across ages before use.,default_best_guess,APERC placeholder road defaults,all_apec_economies_until_researcher_update,2026-05-25,v2026_05_25_best_guess,False,
Demand\Freight road\Age 25,Survival Rate,Current Accounts,Mexico,%,Share,,0.23813724,default,standardized,,default_best_guess,APERC placeholder road defaults,all_apec_economies_until_researcher_update,2026-05-25,v2026_05_25_best_guess,False,
Demand\Freight road\Age 25,Vintage Profile Share,Current Accounts,Mexico,%,Share,,0.0946313,default,standardized,Normalize across ages before use.,default_best_guess,APERC placeholder road defaults,all_apec_economies_until_researcher_update,2026-05-25,v2026_05_25_best_guess,False,
Demand\Freight road\Age 26,Survival Rate,Current Accounts,Mexico,%,Share,,0.16293967,default,standardized,,default_best_guess,APERC placeholder road defaults,all_apec_economies_until_researcher_update,2026-05-25,v2026_05_25_best_guess,False,
Demand\Freight road\Age 26,Vintage Profile Share,Current Accounts,Mexico,%,Share,,0.08611448,default,standardized,Normalize across ages before use.,default_best_guess,APERC placeholder road defaults,all_apec_economies_until_researcher_update,2026-05-25,v2026_05_25_best_guess,False,
Demand\Freight road\Age 27,Survival Rate,Current Accounts,Mexico,%,Share,,0.08358169,default,standardized,,default_best_guess,APERC placeholder road defaults,all_apec_economies_until_researcher_update,2026-05-25,v2026_05_25_best_guess,False,
Demand\Freight road\Age 27,Vintage Profile Share,Current Accounts,Mexico,%,Share,,0.07836418,default,standardized,Normalize across ages before use.,default_best_guess,APERC placeholder road defaults,all_apec_economies_until_researcher_update,2026-05-25,v2026_05_25_best_guess,False,
Demand\Freight road\Age 28,Survival Rate,Current Accounts,Mexico,%,Share,,0.0,default,standardized,,default_best_guess,APERC placeholder road defaults,all_apec_economies_until_researcher_update,2026-05-25,v2026_05_25_best_guess,False,
Demand\Freight road\Age 28,Vintage Profile Share,Current Accounts,Mexico,%,Share,,0.0713114,default,standardized,Normalize across ages before use.,default_best_guess,APERC placeholder road defaults,all_apec_economies_until_researcher_update,2026-05-25,v2026_05_25_best_guess,False,
Demand\Freight road\Age 29,Survival Rate,Current Accounts,Mexico,%,Share,,0.0,default,standardized,,default_best_guess,APERC placeholder road defaults,all_apec_economies_until_researcher_update,2026-05-25,v2026_05_25_best_guess,False,
Demand\Freight road\Age 29,Vintage Profile Share,Current Accounts,Mexico,%,Share,,0.06489338,default,standardized,Normalize across ages before use.,default_best_guess,APERC placeholder road defaults,all_apec_economies_until_researcher_update,2026-05-25,v2026_05_25_best_guess,False,
Demand\Freight road\Age 3,Survival Rate,Current Accounts,Mexico,%,Share,,0.99530201,default,standardized,,default_best_guess,APERC placeholder road defaults,all_apec_economies_until_researcher_update,2026-05-25,v2026_05_25_best_guess,False,
Demand\Freight road\Age 3,Vintage Profile Share,Current Accounts,Mexico,%,Share,,0.753571,default,standardized,Normalize across ages before use.,default_best_guess,APERC placeholder road defaults,all_apec_economies_until_researcher_update,2026-05-25,v2026_05_25_best_guess,False,
Demand\Freight road\Age 30,Survival Rate,Current Accounts,Mexico,%,Share,,0.0,default,standardized,,default_best_guess,APERC placeholder road defaults,all_apec_economies_until_researcher_update,2026-05-25,v2026_05_25_best_guess,False,
Demand\Freight road\Age 30,Vintage Profile Share,Current Accounts,Mexico,%,Share,,0.05905297,default,standardized,Normalize across ages before use.,default_best_guess,APERC placeholder road defaults,all_apec_economies_until_researcher_update,2026-05-25,v2026_05_25_best_guess,False,
Demand\Freight road\Age 4,Survival Rate,Current Accounts,Mexico,%,Share,,0.99062946,default,standardized,,default_best_guess,APERC placeholder road defaults,all_apec_economies_until_researcher_update,2026-05-25,v2026_05_25_best_guess,False,
Demand\Freight road\Age 4,Vintage Profile Share,Current Accounts,Mexico,%,Share,,0.68574961,default,standardized,Normalize across ages before use.,default_best_guess,APERC placeholder road defaults,all_apec_economies_until_researcher_update,2026-05-25,v2026_05_25_best_guess,False,
Demand\Freight road\Age 5,Survival Rate,Current Accounts,Mexico,%,Share,,0.98399157,default,standardized,,default_best_guess,APERC placeholder road defaults,all_apec_economies_until_researcher_update,2026-05-25,v2026_05_25_best_guess,False,
Demand\Freight road\Age 5,Vintage Profile Share,Current Accounts,Mexico,%,Share,,0.62403215,default,standardized,Normalize across ages before use.,default_best_guess,APERC placeholder road defaults,all_apec_economies_until_researcher_update,2026-05-25,v2026_05_25_best_guess,False,
Demand\Freight road\Age 6,Survival Rate,Current Accounts,Mexico,%,Share,,0.97520388,default,standardized,,default_best_guess,APERC placeholder road defaults,all_apec_economies_until_researcher_update,2026-05-25,v2026_05_25_best_guess,False,
Demand\Freight road\Age 6,Vintage Profile Share,Current Accounts,Mexico,%,Share,,0.56786925,default,standardized,Normalize across ages before use.,default_best_guess,APERC placeholder road defaults,all_apec_economies_until_researcher_update,2026-05-25,v2026_05_25_best_guess,False,
Demand\Freight road\Age 7,Survival Rate,Current Accounts,Mexico,%,Share,,0.96410318,default,standardized,,default_best_guess,APERC placeholder road defaults,all_apec_economies_until_researcher_update,2026-05-25,v2026_05_25_best_guess,False,
Demand\Freight road\Age 7,Vintage Profile Share,Current Accounts,Mexico,%,Share,,0.51676102,default,standardized,Normalize across ages before use.,default_best_guess,APERC placeholder road defaults,all_apec_economies_until_researcher_update,2026-05-25,v2026_05_25_best_guess,False,
Demand\Freight road\Age 8,Survival Rate,Current Accounts,Mexico,%,Share,,0.95054198,default,standardized,,default_best_guess,APERC placeholder road defaults,all_apec_economies_until_researcher_update,2026-05-25,v2026_05_25_best_guess,False,
Demand\Freight road\Age 8,Vintage Profile Share,Current Accounts,Mexico,%,Share,,0.47025253,default,standardized,Normalize across ages before use.,default_best_guess,APERC placeholder road defaults,all_apec_economies_until_researcher_update,2026-05-25,v2026_05_25_best_guess,False,
Demand\Freight road\Age 9,Survival Rate,Current Accounts,Mexico,%,Share,,0.93438506,default,standardized,,default_best_guess,APERC placeholder road defaults,all_apec_economies_until_researcher_update,2026-05-25,v2026_05_25_best_guess,False,
Demand\Freight road\Age 9,Vintage Profile Share,Current Accounts,Mexico,%,Share,,0.4279298,default,standardized,Normalize across ages before use.,default_best_guess,APERC placeholder road defaults,all_apec_economies_until_researcher_update,2026-05-25,v2026_05_25_best_guess,False,
Demand\Freight road\LCVs,Mileage,Current Accounts,Mexico,,Kilometer,,21000.0,default,standardized,,default_best_guess,APERC placeholder road defaults,all_apec_economies_until_researcher_update,2026-05-25,v2026_05_25_best_guess,False,
Demand\Freight road\LCVs\BEV,Sales Share,Current Accounts,Mexico,%,Share,,5.0,default,standardized,Transport LEAP export value overlay applied from Mexico / Current Accounts.,transport_leap_export_default,transport_leap_export_combined_11_MEX_domestic_international_Target_20260514.xlsx,exact_region_match,2026-05-25,v2026_05_25_best_guess,False,
Demand\Freight road\LCVs\BEV,Stock,Current Accounts,Mexico,,Device,,118530.6122449,default,standardized,,default_best_guess,APERC placeholder road defaults,all_apec_economies_until_researcher_update,2026-05-25,v2026_05_25_best_guess,False,
Demand\Freight road\LCVs\BEV\Electricity,Fuel Economy,Current Accounts,Mexico,,MJ/100 km,,0.0,default,standardized,Transport LEAP export value overlay applied from Mexico / Current Accounts.,transport_leap_export_default,transport_leap_export_combined_11_MEX_domestic_international_Target_20260514.xlsx,exact_region_match,2026-05-25,v2026_05_25_best_guess,False,
Demand\Freight road\LCVs\FCEV,Sales Share,Current Accounts,Mexico,%,Share,,0.0,default,standardized,,default_best_guess,APERC placeholder road defaults,all_apec_economies_until_researcher_update,2026-05-25,v2026_05_25_best_guess,False,
Demand\Freight road\LCVs\FCEV,Stock,Current Accounts,Mexico,,Device,,0.0,default,standardized,,default_best_guess,APERC placeholder road defaults,all_apec_economies_until_researcher_update,2026-05-25,v2026_05_25_best_guess,False,
Demand\Freight road\LCVs\FCEV\Hydrogen,Fuel Economy,Current Accounts,Mexico,,MJ/100 km,,110.0,default,standardized,,default_best_guess,APERC placeholder road defaults,all_apec_economies_until_researcher_update,2026-05-25,v2026_05_25_best_guess,False,
Demand\Freight road\LCVs\ICE,Sales Share,Current Accounts,Mexico,%,Share,,88.0,default,standardized,Transport LEAP export value overlay applied from Mexico / Current Accounts.,transport_leap_export_default,transport_leap_export_combined_11_MEX_domestic_international_Target_20260514.xlsx,exact_region_match,2026-05-25,v2026_05_25_best_guess,False,
Demand\Freight road\LCVs\ICE,Stock,Current Accounts,Mexico,,Device,,3713959.18367348,default,standardized,,default_best_guess,APERC placeholder road defaults,all_apec_economies_until_researcher_update,2026-05-25,v2026_05_25_best_guess,False,
Demand\Freight road\LCVs\ICE\Gas and diesel oil,Fuel Economy,Current Accounts,Mexico,,MJ/100 km,,487.5058365690126,default,standardized,Transport LEAP export value overlay applied from Mexico / Current Accounts.,transport_leap_export_default,transport_leap_export_combined_11_MEX_domestic_international_Target_20260514.xlsx,exact_region_match,2026-05-25,v2026_05_25_best_guess,False,
Demand\Freight road\LCVs\ICE\LPG,Fuel Economy,Current Accounts,Mexico,,MJ/100 km,,401.0142840082088,default,standardized,Transport LEAP export value overlay applied from Mexico / Current Accounts.,transport_leap_export_default,transport_leap_export_combined_11_MEX_domestic_international_Target_20260514.xlsx,exact_region_match,2026-05-25,v2026_05_25_best_guess,False,
Demand\Freight road\LCVs\ICE\Motor gasoline,Fuel Economy,Current Accounts,Mexico,,MJ/100 km,,390.4532254627242,default,standardized,Transport LEAP export value overlay applied from Mexico / Current Accounts.,transport_leap_export_default,transport_leap_export_combined_11_MEX_domestic_international_Target_20260514.xlsx,exact_region_match,2026-05-25,v2026_05_25_best_guess,False,
Demand\Freight road\LCVs\ICE\Natural gas,Fuel Economy,Current Accounts,Mexico,,MJ/100 km,,674.6546112443943,default,standardized,Transport LEAP export value overlay applied from Mexico / Current Accounts.,transport_leap_export_default,transport_leap_export_combined_11_MEX_domestic_international_Target_20260514.xlsx,exact_region_match,2026-05-25,v2026_05_25_best_guess,False,
Demand\Freight road\LCVs\PHEV,Fuel Economy,Current Accounts,Mexico,,MJ/100 km,,150.0,default,standardized,,default_best_guess,APERC placeholder road defaults,all_apec_economies_until_researcher_update,2026-05-25,v2026_05_25_best_guess,False,
Demand\Freight road\LCVs\PHEV,Sales Share,Current Accounts,Mexico,%,Share,,6.0,default,standardized,Transport LEAP export value overlay applied from Mexico / Current Accounts.,transport_leap_export_default,transport_leap_export_combined_11_MEX_domestic_international_Target_20260514.xlsx,exact_region_match,2026-05-25,v2026_05_25_best_guess,False,
Demand\Freight road\LCVs\PHEV,Stock,Current Accounts,Mexico,,Device,,39510.20408163,default,standardized,,default_best_guess,APERC placeholder road defaults,all_apec_economies_until_researcher_update,2026-05-25,v2026_05_25_best_guess,False,
Demand\Freight road\PHEV,PHEV Electric Driving Share,Current Accounts,Mexico,%,Share,,0.41,provided,standardized,PHEV utilisation rate from apec_phev_utilisation_rates.csv; source data_year 2025; evidence_grade C; range 0.3-0.52; synthetic_estimate. Future-year changes are handled by LEAP adjustment variables.,apec_phev_utilisation_rates,apec_phev_utilisation_rates.csv,11MEX,2025,v2026_05_25_best_guess,False,
Demand\Freight road\Trucks\BEV heavy,Sales Share,Current Accounts,Mexico,%,Share,,2.0,default,standardized,Transport LEAP export value overlay applied from Mexico / Current Accounts.,transport_leap_export_default,transport_leap_export_combined_11_MEX_domestic_international_Target_20260514.xlsx,exact_region_match,2026-05-25,v2026_05_25_best_guess,False,
Demand\Freight road\Trucks\BEV heavy,Stock,Current Accounts,Mexico,,Device,,28160.0,default,standardized,,default_best_guess,APERC placeholder road defaults,all_apec_economies_until_researcher_update,2026-05-25,v2026_05_25_best_guess,False,
Demand\Freight road\Trucks\BEV heavy\Electricity,Fuel Economy,Current Accounts,Mexico,,MJ/100 km,,0.0,default,standardized,Transport LEAP export value overlay applied from Mexico / Current Accounts.,transport_leap_export_default,transport_leap_export_combined_11_MEX_domestic_international_Target_20260514.xlsx,exact_region_match,2026-05-25,v2026_05_25_best_guess,False,
Demand\Freight road\Trucks\BEV medium,Sales Share,Current Accounts,Mexico,%,Share,,6.0,default,standardized,Transport LEAP export value overlay applied from Mexico / Current Accounts.,transport_leap_export_default,transport_leap_export_combined_11_MEX_domestic_international_Target_20260514.xlsx,exact_region_match,2026-05-25,v2026_05_25_best_guess,False,
Demand\Freight road\Trucks\BEV medium,Stock,Current Accounts,Mexico,,Device,,35200.0,default,standardized,,default_best_guess,APERC placeholder road defaults,all_apec_economies_until_researcher_update,2026-05-25,v2026_05_25_best_guess,False,
Demand\Freight road\Trucks\BEV medium\Electricity,Fuel Economy,Current Accounts,Mexico,,MJ/100 km,,0.0,default,standardized,Transport LEAP export value overlay applied from Mexico / Current Accounts.,transport_leap_export_default,transport_leap_export_combined_11_MEX_domestic_international_Target_20260514.xlsx,exact_region_match,2026-05-25,v2026_05_25_best_guess,False,
Demand\Freight road\Trucks\FCEV heavy,Sales Share,Current Accounts,Mexico,%,Share,,1.0,default,standardized,Transport LEAP export value overlay applied from Mexico / Current Accounts.,transport_leap_export_default,transport_leap_export_combined_11_MEX_domestic_international_Target_20260514.xlsx,exact_region_match,2026-05-25,v2026_05_25_best_guess,False,
Demand\Freight road\Trucks\FCEV heavy,Stock,Current Accounts,Mexico,,Device,,28160.0,default,standardized,,default_best_guess,APERC placeholder road defaults,all_apec_economies_until_researcher_update,2026-05-25,v2026_05_25_best_guess,False,
Demand\Freight road\Trucks\FCEV heavy\Hydrogen,Fuel Economy,Current Accounts,Mexico,,MJ/100 km,,1463.161159900852,default,standardized,Transport LEAP export value overlay applied from Mexico / Current Accounts.,transport_leap_export_default,transport_leap_export_combined_11_MEX_domestic_international_Target_20260514.xlsx,exact_region_match,2026-05-25,v2026_05_25_best_guess,False,
Demand\Freight road\Trucks\FCEV medium,Sales Share,Current Accounts,Mexico,%,Share,,2.0,default,standardized,Transport LEAP export value overlay applied from Mexico / Current Accounts.,transport_leap_export_default,transport_leap_export_combined_11_MEX_domestic_international_Target_20260514.xlsx,exact_region_match,2026-05-25,v2026_05_25_best_guess,False,
Demand\Freight road\Trucks\FCEV medium,Stock,Current Accounts,Mexico,,Device,,17600.0,default,standardized,,default_best_guess,APERC placeholder road defaults,all_apec_economies_until_researcher_update,2026-05-25,v2026_05_25_best_guess,False,
Demand\Freight road\Trucks\FCEV medium\Hydrogen,Fuel Economy,Current Accounts,Mexico,,MJ/100 km,,1219.300969100701,default,standardized,Transport LEAP export value overlay applied from Mexico / Current Accounts.,transport_leap_export_default,transport_leap_export_combined_11_MEX_domestic_international_Target_20260514.xlsx,exact_region_match,2026-05-25,v2026_05_25_best_guess,False,
Demand\Freight road\Trucks\Heavy trucks,Mileage,Current Accounts,Mexico,,Kilometer,,65000.0,default,standardized,,default_best_guess,APERC placeholder road defaults,all_apec_economies_until_researcher_update,2026-05-25,v2026_05_25_best_guess,False,
Demand\Freight road\Trucks\ICE heavy,Sales Share,Current Accounts,Mexico,%,Share,,37.0,default,standardized,Transport LEAP export value overlay applied from Mexico / Current Accounts.,transport_leap_export_default,transport_leap_export_combined_11_MEX_domestic_international_Target_20260514.xlsx,exact_region_match,2026-05-25,v2026_05_25_best_guess,False,
Demand\Freight road\Trucks\ICE heavy,Stock,Current Accounts,Mexico,,Device,,1351680.0,default,standardized,,default_best_guess,APERC placeholder road defaults,all_apec_economies_until_researcher_update,2026-05-25,v2026_05_25_best_guess,False,
Demand\Freight road\Trucks\ICE heavy\Gas and diesel oil,Fuel Economy,Current Accounts,Mexico,,MJ/100 km,,1637.118065013504,default,standardized,Transport LEAP export value overlay applied from Mexico / Current Accounts.,transport_leap_export_default,transport_leap_export_combined_11_MEX_domestic_international_Target_20260514.xlsx,exact_region_match,2026-05-25,v2026_05_25_best_guess,False,
Demand\Freight road\Trucks\ICE heavy\LPG,Fuel Economy,Current Accounts,Mexico,,MJ/100 km,,1436.387670982851,default,standardized,Transport LEAP export value overlay applied from Mexico / Current Accounts.,transport_leap_export_default,transport_leap_export_combined_11_MEX_domestic_international_Target_20260514.xlsx,exact_region_match,2026-05-25,v2026_05_25_best_guess,False,
Demand\Freight road\Trucks\ICE heavy\Motor gasoline,Fuel Economy,Current Accounts,Mexico,,MJ/100 km,,1311.567880077064,default,standardized,Transport LEAP export value overlay applied from Mexico / Current Accounts.,transport_leap_export_default,transport_leap_export_combined_11_MEX_domestic_international_Target_20260514.xlsx,exact_region_match,2026-05-25,v2026_05_25_best_guess,False,
Demand\Freight road\Trucks\ICE heavy\Natural gas,Fuel Economy,Current Accounts,Mexico,,MJ/100 km,,2268.349775590955,default,standardized,Transport LEAP export value overlay applied from Mexico / Current Accounts.,transport_leap_export_default,transport_leap_export_combined_11_MEX_domestic_international_Target_20260514.xlsx,exact_region_match,2026-05-25,v2026_05_25_best_guess,False,
Demand\Freight road\Trucks\ICE medium,Sales Share,Current Accounts,Mexico,%,Share,,40.0,default,standardized,Transport LEAP export value overlay applied from Mexico / Current Accounts.,transport_leap_export_default,transport_leap_export_combined_11_MEX_domestic_international_Target_20260514.xlsx,exact_region_match,2026-05-25,v2026_05_25_best_guess,False,
Demand\Freight road\Trucks\ICE medium,Stock,Current Accounts,Mexico,,Device,,1707200.0,default,standardized,,default_best_guess,APERC placeholder road defaults,all_apec_economies_until_researcher_update,2026-05-25,v2026_05_25_best_guess,False,
Demand\Freight road\Trucks\ICE medium\Gas and diesel oil,Fuel Economy,Current Accounts,Mexico,,MJ/100 km,,729.2847760114577,default,standardized,Transport LEAP export value overlay applied from Mexico / Current Accounts.,transport_leap_export_default,transport_leap_export_combined_11_MEX_domestic_international_Target_20260514.xlsx,exact_region_match,2026-05-25,v2026_05_25_best_guess,False,
Demand\Freight road\Trucks\ICE medium\LPG,Fuel Economy,Current Accounts,Mexico,,MJ/100 km,,1193.873213693923,default,standardized,Transport LEAP export value overlay applied from Mexico / Current Accounts.,transport_leap_export_default,transport_leap_export_combined_11_MEX_domestic_international_Target_20260514.xlsx,exact_region_match,2026-05-25,v2026_05_25_best_guess,False,
Demand\Freight road\Trucks\ICE medium\Motor gasoline,Fuel Economy,Current Accounts,Mexico,,MJ/100 km,,1092.973233397553,default,standardized,Transport LEAP export value overlay applied from Mexico / Current Accounts.,transport_leap_export_default,transport_leap_export_combined_11_MEX_domestic_international_Target_20260514.xlsx,exact_region_match,2026-05-25,v2026_05_25_best_guess,False,
Demand\Freight road\Trucks\ICE medium\Natural gas,Fuel Economy,Current Accounts,Mexico,,MJ/100 km,,1890.238194787676,default,standardized,Transport LEAP export value overlay applied from Mexico / Current Accounts.,transport_leap_export_default,transport_leap_export_combined_11_MEX_domestic_international_Target_20260514.xlsx,exact_region_match,2026-05-25,v2026_05_25_best_guess,False,
Demand\Freight road\Trucks\Medium trucks,Mileage,Current Accounts,Mexico,,Kilometer,,36000.0,default,standardized,,default_best_guess,APERC placeholder road defaults,all_apec_economies_until_researcher_update,2026-05-25,v2026_05_25_best_guess,False,
Demand\Passenger road,Passenger Vehicle Saturation,Current Accounts,Mexico,,Device,1000 people,600.0,provided,standardized,"Passenger saturation from apec_passenger_vehicle_saturation.csv; lower=520, upper=690, grade=B, status=synthetic_estimate.",apec_passenger_saturation,apec_passenger_vehicle_saturation.csv,11MEX,2024,v2026_05_25_best_guess,False,
Demand\Passenger road,Reconciliation Bound Lower,Current Accounts,Mexico,%,Share,,0.85,provided,standardized,Reconciliation factor from apec_reconciliation_factors.csv (passenger).,apec_reconciliation_factors,apec_reconciliation_factors.csv,passenger,2026,v2026_05_25_best_guess,False,
Demand\Passenger road,Reconciliation Bound Upper,Current Accounts,Mexico,%,Share,,1.15,provided,standardized,Reconciliation factor from apec_reconciliation_factors.csv (passenger).,apec_reconciliation_factors,apec_reconciliation_factors.csv,passenger,2026,v2026_05_25_best_guess,False,
Demand\Passenger road,Reconciliation Weight,Current Accounts,Mexico,,Weight,,1.0,provided,standardized,Reconciliation factor from apec_reconciliation_factors.csv (passenger).,apec_reconciliation_factors,apec_reconciliation_factors.csv,passenger,2026,v2026_05_25_best_guess,False,
Demand\Passenger road\Age 0,Survival Rate,Current Accounts,Mexico,%,Share,,1.0,default,standardized,,default_best_guess,APERC placeholder road defaults,all_apec_economies_until_researcher_update,2026-05-25,v2026_05_25_best_guess,False,
Demand\Passenger road\Age 0,Vintage Profile Share,Current Accounts,Mexico,%,Share,,1.0,default,standardized,Normalize across ages before use.,default_best_guess,APERC placeholder road defaults,all_apec_economies_until_researcher_update,2026-05-25,v2026_05_25_best_guess,False,
Demand\Passenger road\Age 1,Survival Rate,Current Accounts,Mexico,%,Share,,0.99888655,default,standardized,,default_best_guess,APERC placeholder road defaults,all_apec_economies_until_researcher_update,2026-05-25,v2026_05_25_best_guess,False,
Demand\Passenger road\Age 1,Vintage Profile Share,Current Accounts,Mexico,%,Share,,0.88,default,standardized,Normalize across ages before use.,default_best_guess,APERC placeholder road defaults,all_apec_economies_until_researcher_update,2026-05-25,v2026_05_25_best_guess,False,
Demand\Passenger road\Age 10,Survival Rate,Current Accounts,Mexico,%,Share,,0.82353032,default,standardized,,default_best_guess,APERC placeholder road defaults,all_apec_economies_until_researcher_update,2026-05-25,v2026_05_25_best_guess,False,
Demand\Passenger road\Age 10,Vintage Profile Share,Current Accounts,Mexico,%,Share,,0.27850098,default,standardized,Normalize across ages before use.,default_best_guess,APERC placeholder road defaults,all_apec_economies_until_researcher_update,2026-05-25,v2026_05_25_best_guess,False,
Demand\Passenger road\Age 11,Survival Rate,Current Accounts,Mexico,%,Share,,0.78236236,default,standardized,,default_best_guess,APERC placeholder road defaults,all_apec_economies_until_researcher_update,2026-05-25,v2026_05_25_best_guess,False,
Demand\Passenger road\Age 11,Vintage Profile Share,Current Accounts,Mexico,%,Share,,0.24508086,default,standardized,Normalize across ages before use.,default_best_guess,APERC placeholder road defaults,all_apec_economies_until_researcher_update,2026-05-25,v2026_05_25_best_guess,False,
Demand\Passenger road\Age 12,Survival Rate,Current Accounts,Mexico,%,Share,,0.73644647,default,standardized,,default_best_guess,APERC placeholder road defaults,all_apec_economies_until_researcher_update,2026-05-25,v2026_05_25_best_guess,False,
Demand\Passenger road\Age 12,Vintage Profile Share,Current Accounts,Mexico,%,Share,,0.21567116,default,standardized,Normalize across ages before use.,default_best_guess,APERC placeholder road defaults,all_apec_economies_until_researcher_update,2026-05-25,v2026_05_25_best_guess,False,
Demand\Passenger road\Age 13,Survival Rate,Current Accounts,Mexico,%,Share,,0.68569921,default,standardized,,default_best_guess,APERC placeholder road defaults,all_apec_economies_until_researcher_update,2026-05-25,v2026_05_25_best_guess,False,
Demand\Passenger road\Age 13,Vintage Profile Share,Current Accounts,Mexico,%,Share,,0.18979062,default,standardized,Normalize across ages before use.,default_best_guess,APERC placeholder road defaults,all_apec_economies_until_researcher_update,2026-05-25,v2026_05_25_best_guess,False,
Demand\Passenger road\Age 14,Survival Rate,Current Accounts,Mexico,%,Share,,0.63004255,default,standardized,,default_best_guess,APERC placeholder road defaults,all_apec_economies_until_researcher_update,2026-05-25,v2026_05_25_best_guess,False,
Demand\Passenger road\Age 14,Vintage Profile Share,Current Accounts,Mexico,%,Share,,0.16701574,default,standardized,Normalize across ages before use.,default_best_guess,APERC placeholder road defaults,all_apec_economies_until_researcher_update,2026-05-25,v2026_05_25_best_guess,False,
Demand\Passenger road\Age 15,Survival Rate,Current Accounts,Mexico,%,Share,,0.56940313,default,standardized,,default_best_guess,APERC placeholder road defaults,all_apec_economies_until_researcher_update,2026-05-25,v2026_05_25_best_guess,False,
Demand\Passenger road\Age 15,Vintage Profile Share,Current Accounts,Mexico,%,Share,,0.14697385,default,standardized,Normalize across ages before use.,default_best_guess,APERC placeholder road defaults,all_apec_economies_until_researcher_update,2026-05-25,v2026_05_25_best_guess,False,
Demand\Passenger road\Age 16,Survival Rate,Current Accounts,Mexico,%,Share,,0.50371167,default,standardized,,default_best_guess,APERC placeholder road defaults,all_apec_economies_until_researcher_update,2026-05-25,v2026_05_25_best_guess,False,
Demand\Passenger road\Age 16,Vintage Profile Share,Current Accounts,Mexico,%,Share,,0.12933699,default,standardized,Normalize across ages before use.,default_best_guess,APERC placeholder road defaults,all_apec_economies_until_researcher_update,2026-05-25,v2026_05_25_best_guess,False,
Demand\Passenger road\Age 17,Survival Rate,Current Accounts,Mexico,%,Share,,0.4329025,default,standardized,,default_best_guess,APERC placeholder road defaults,all_apec_economies_until_researcher_update,2026-05-25,v2026_05_25_best_guess,False,
Demand\Passenger road\Age 17,Vintage Profile Share,Current Accounts,Mexico,%,Share,,0.11381655,default,standardized,Normalize across ages before use.,default_best_guess,APERC placeholder road defaults,all_apec_economies_until_researcher_update,2026-05-25,v2026_05_25_best_guess,False,
Demand\Passenger road\Age 18,Survival Rate,Current Accounts,Mexico,%,Share,,0.35691317,default,standardized,,default_best_guess,APERC placeholder road defaults,all_apec_economies_until_researcher_update,2026-05-25,v2026_05_25_best_guess,False,
Demand\Passenger road\Age 18,Vintage Profile Share,Current Accounts,Mexico,%,Share,,0.10015857,default,standardized,Normalize across ages before use.,default_best_guess,APERC placeholder road defaults,all_apec_economies_until_researcher_update,2026-05-25,v2026_05_25_best_guess,False,
Demand\Passenger road\Age 19,Survival Rate,Current Accounts,Mexico,%,Share,,0.27568409,default,standardized,,default_best_guess,APERC placeholder road defaults,all_apec_economies_until_researcher_update,2026-05-25,v2026_05_25_best_guess,False,
Demand\Passenger road\Age 19,Vintage Profile Share,Current Accounts,Mexico,%,Share,,0.08813954,default,standardized,Normalize across ages before use.,default_best_guess,APERC placeholder road defaults,all_apec_economies_until_researcher_update,2026-05-25,v2026_05_25_best_guess,False,
Demand\Passenger road\Age 2,Survival Rate,Current Accounts,Mexico,%,Share,,0.99488393,default,standardized,,default_best_guess,APERC placeholder road defaults,all_apec_economies_until_researcher_update,2026-05-25,v2026_05_25_best_guess,False,
Demand\Passenger road\Age 2,Vintage Profile Share,Current Accounts,Mexico,%,Share,,0.7744,default,standardized,Normalize across ages before use.,default_best_guess,APERC placeholder road defaults,all_apec_economies_until_researcher_update,2026-05-25,v2026_05_25_best_guess,False,
Demand\Passenger road\Age 20,Survival Rate,Current Accounts,Mexico,%,Share,,0.18915827,default,standardized,,default_best_guess,APERC placeholder road defaults,all_apec_economies_until_researcher_update,2026-05-25,v2026_05_25_best_guess,False,
Demand\Passenger road\Age 20,Vintage Profile Share,Current Accounts,Mexico,%,Share,,0.07756279,default,standardized,Normalize across ages before use.,default_best_guess,APERC placeholder road defaults,all_apec_economies_until_researcher_update,2026-05-25,v2026_05_25_best_guess,False,
Demand\Passenger road\Age 21,Survival Rate,Current Accounts,Mexico,%,Share,,0.09728107,default,standardized,,default_best_guess,APERC placeholder road defaults,all_apec_economies_until_researcher_update,2026-05-25,v2026_05_25_best_guess,False,
Demand\Passenger road\Age 21,Vintage Profile Share,Current Accounts,Mexico,%,Share,,0.06825526,default,standardized,Normalize across ages before use.,default_best_guess,APERC placeholder road defaults,all_apec_economies_until_researcher_update,2026-05-25,v2026_05_25_best_guess,False,
Demand\Passenger road\Age 22,Survival Rate,Current Accounts,Mexico,%,Share,,0.0,default,standardized,,default_best_guess,APERC placeholder road defaults,all_apec_economies_until_researcher_update,2026-05-25,v2026_05_25_best_guess,False,
Demand\Passenger road\Age 22,Vintage Profile Share,Current Accounts,Mexico,%,Share,,0.06006463,default,standardized,Normalize across ages before use.,default_best_guess,APERC placeholder road defaults,all_apec_economies_until_researcher_update,2026-05-25,v2026_05_25_best_guess,False,
Demand\Passenger road\Age 23,Survival Rate,Current Accounts,Mexico,%,Share,,0.0,default,standardized,,default_best_guess,APERC placeholder road defaults,all_apec_economies_until_researcher_update,2026-05-25,v2026_05_25_best_guess,False,
Demand\Passenger road\Age 23,Vintage Profile Share,Current Accounts,Mexico,%,Share,,0.05285687,default,standardized,Normalize across ages before use.,default_best_guess,APERC placeholder road defaults,all_apec_economies_until_researcher_update,2026-05-25,v2026_05_25_best_guess,False,
Demand\Passenger road\Age 24,Survival Rate,Current Accounts,Mexico,%,Share,,0.0,default,standardized,,default_best_guess,APERC placeholder road defaults,all_apec_economies_until_researcher_update,2026-05-25,v2026_05_25_best_guess,False,
Demand\Passenger road\Age 24,Vintage Profile Share,Current Accounts,Mexico,%,Share,,0.04651405,default,standardized,Normalize across ages before use.,default_best_guess,APERC placeholder road defaults,all_apec_economies_until_researcher_update,2026-05-25,v2026_05_25_best_guess,False,
Demand\Passenger road\Age 25,Survival Rate,Current Accounts,Mexico,%,Share,,0.0,default,standardized,,default_best_guess,APERC placeholder road defaults,all_apec_economies_until_researcher_update,2026-05-25,v2026_05_25_best_guess,False,
Demand\Passenger road\Age 25,Vintage Profile Share,Current Accounts,Mexico,%,Share,,0.04093236,default,standardized,Normalize across ages before use.,default_best_guess,APERC placeholder road defaults,all_apec_economies_until_researcher_update,2026-05-25,v2026_05_25_best_guess,False,
Demand\Passenger road\Age 26,Survival Rate,Current Accounts,Mexico,%,Share,,0.0,default,standardized,,default_best_guess,APERC placeholder road defaults,all_apec_economies_until_researcher_update,2026-05-25,v2026_05_25_best_guess,False,
Demand\Passenger road\Age 26,Vintage Profile Share,Current Accounts,Mexico,%,Share,,0.03602048,default,standardized,Normalize across ages before use.,default_best_guess,APERC placeholder road defaults,all_apec_economies_until_researcher_update,2026-05-25,v2026_05_25_best_guess,False,
Demand\Passenger road\Age 27,Survival Rate,Current Accounts,Mexico,%,Share,,0.0,default,standardized,,default_best_guess,APERC placeholder road defaults,all_apec_economies_until_researcher_update,2026-05-25,v2026_05_25_best_guess,False,
Demand\Passenger road\Age 27,Vintage Profile Share,Current Accounts,Mexico,%,Share,,0.03169802,default,standardized,Normalize across ages before use.,default_best_guess,APERC placeholder road defaults,all_apec_economies_until_researcher_update,2026-05-25,v2026_05_25_best_guess,False,
Demand\Passenger road\Age 28,Survival Rate,Current Accounts,Mexico,%,Share,,0.0,default,standardized,,default_best_guess,APERC placeholder road defaults,all_apec_economies_until_researcher_update,2026-05-25,v2026_05_25_best_guess,False,
Demand\Passenger road\Age 28,Vintage Profile Share,Current Accounts,Mexico,%,Share,,0.02789426,default,standardized,Normalize across ages before use.,default_best_guess,APERC placeholder road defaults,all_apec_economies_until_researcher_update,2026-05-25,v2026_05_25_best_guess,False,
Demand\Passenger road\Age 29,Survival Rate,Current Accounts,Mexico,%,Share,,0.0,default,standardized,,default_best_guess,APERC placeholder road defaults,all_apec_economies_until_researcher_update,2026-05-25,v2026_05_25_best_guess,False,
Demand\Passenger road\Age 29,Vintage Profile Share,Current Accounts,Mexico,%,Share,,0.02454695,default,standardized,Normalize across ages before use.,default_best_guess,APERC placeholder road defaults,all_apec_economies_until_researcher_update,2026-05-25,v2026_05_25_best_guess,False,
Demand\Passenger road\Age 3,Survival Rate,Current Accounts,Mexico,%,Share,,0.98751649,default,standardized,,default_best_guess,APERC placeholder road defaults,all_apec_economies_until_researcher_update,2026-05-25,v2026_05_25_best_guess,False,
Demand\Passenger road\Age 3,Vintage Profile Share,Current Accounts,Mexico,%,Share,,0.681472,default,standardized,Normalize across ages before use.,default_best_guess,APERC placeholder road defaults,all_apec_economies_until_researcher_update,2026-05-25,v2026_05_25_best_guess,False,
Demand\Passenger road\Age 30,Survival Rate,Current Accounts,Mexico,%,Share,,0.0,default,standardized,,default_best_guess,APERC placeholder road defaults,all_apec_economies_until_researcher_update,2026-05-25,v2026_05_25_best_guess,False,
Demand\Passenger road\Age 30,Vintage Profile Share,Current Accounts,Mexico,%,Share,,0.02160131,default,standardized,Normalize across ages before use.,default_best_guess,APERC placeholder road defaults,all_apec_economies_until_researcher_update,2026-05-25,v2026_05_25_best_guess,False,
Demand\Passenger road\Age 4,Survival Rate,Current Accounts,Mexico,%,Share,,0.97649274,default,standardized,,default_best_guess,APERC placeholder road defaults,all_apec_economies_until_researcher_update,2026-05-25,v2026_05_25_best_guess,False,
Demand\Passenger road\Age 4,Vintage Profile Share,Current Accounts,Mexico,%,Share,,0.59969536,default,standardized,Normalize across ages before use.,default_best_guess,APERC placeholder road defaults,all_apec_economies_until_researcher_update,2026-05-25,v2026_05_25_best_guess,False,
Demand\Passenger road\Age 5,Survival Rate,Current Accounts,Mexico,%,Share,,0.96159355,default,standardized,,default_best_guess,APERC placeholder road defaults,all_apec_economies_until_researcher_update,2026-05-25,v2026_05_25_best_guess,False,
Demand\Passenger road\Age 5,Vintage Profile Share,Current Accounts,Mexico,%,Share,,0.52773192,default,standardized,Normalize across ages before use.,default_best_guess,APERC placeholder road defaults,all_apec_economies_until_researcher_update,2026-05-25,v2026_05_25_best_guess,False,
Demand\Passenger road\Age 6,Survival Rate,Current Accounts,Mexico,%,Share,,0.94264083,default,standardized,,default_best_guess,APERC placeholder road defaults,all_apec_economies_until_researcher_update,2026-05-25,v2026_05_25_best_guess,False,
Demand\Passenger road\Age 6,Vintage Profile Share,Current Accounts,Mexico,%,Share,,0.46440409,default,standardized,Normalize across ages before use.,default_best_guess,APERC placeholder road defaults,all_apec_economies_until_researcher_update,2026-05-25,v2026_05_25_best_guess,False,
Demand\Passenger road\Age 7,Survival Rate,Current Accounts,Mexico,%,Share,,0.91948333,default,standardized,,default_best_guess,APERC placeholder road defaults,all_apec_economies_until_researcher_update,2026-05-25,v2026_05_25_best_guess,False,
Demand\Passenger road\Age 7,Vintage Profile Share,Current Accounts,Mexico,%,Share,,0.4086756,default,standardized,Normalize across ages before use.,default_best_guess,APERC placeholder road defaults,all_apec_economies_until_researcher_update,2026-05-25,v2026_05_25_best_guess,False,
Demand\Passenger road\Age 8,Survival Rate,Current Accounts,Mexico,%,Share,,0.89198898,default,standardized,,default_best_guess,APERC placeholder road defaults,all_apec_economies_until_researcher_update,2026-05-25,v2026_05_25_best_guess,False,
Demand\Passenger road\Age 8,Vintage Profile Share,Current Accounts,Mexico,%,Share,,0.35963452,default,standardized,Normalize across ages before use.,default_best_guess,APERC placeholder road defaults,all_apec_economies_until_researcher_update,2026-05-25,v2026_05_25_best_guess,False,
Demand\Passenger road\Age 9,Survival Rate,Current Accounts,Mexico,%,Share,,0.8600401,default,standardized,,default_best_guess,APERC placeholder road defaults,all_apec_economies_until_researcher_update,2026-05-25,v2026_05_25_best_guess,False,
Demand\Passenger road\Age 9,Vintage Profile Share,Current Accounts,Mexico,%,Share,,0.31647838,default,standardized,Normalize across ages before use.,default_best_guess,APERC placeholder road defaults,all_apec_economies_until_researcher_update,2026-05-25,v2026_05_25_best_guess,False,
Demand\Passenger road\Buses,Mileage,Current Accounts,Mexico,,Kilometer,,45000.0,default,standardized,,default_best_guess,APERC placeholder road defaults,all_apec_economies_until_researcher_update,2026-05-25,v2026_05_25_best_guess,False,
Demand\Passenger road\Buses,Vehicle Equivalent Weight,Current Accounts,Mexico,,Vehicle equivalent,,12.0,provided,standardized,Vehicle equivalent weight from apec_vehicle_equivalent_weights.csv (bus).,apec_vehicle_equivalent_weights,apec_vehicle_equivalent_weights.csv,bus,2026,v2026_05_25_best_guess,False,
Demand\Passenger road\Buses\BEV,Sales Share,Current Accounts,Mexico,%,Share,,10.0,default,standardized,Transport LEAP export value overlay applied from Mexico / Current Accounts.,transport_leap_export_default,transport_leap_export_combined_11_MEX_domestic_international_Target_20260514.xlsx,exact_region_match,2026-05-25,v2026_05_25_best_guess,False,
Demand\Passenger road\Buses\BEV,Stock,Current Accounts,Mexico,,Device,,97745.45454545,default,standardized,,default_best_guess,APERC placeholder road defaults,all_apec_economies_until_researcher_update,2026-05-25,v2026_05_25_best_guess,False,
Demand\Passenger road\Buses\BEV\Electricity,Fuel Economy,Current Accounts,Mexico,,MJ/100 km,,0.0,default,standardized,Transport LEAP export value overlay applied from Mexico / Current Accounts.,transport_leap_export_default,transport_leap_export_combined_11_MEX_domestic_international_Target_20260514.xlsx,exact_region_match,2026-05-25,v2026_05_25_best_guess,False,
Demand\Passenger road\Buses\FCEV,Sales Share,Current Accounts,Mexico,%,Share,,5.0,default,standardized,Transport LEAP export value overlay applied from Mexico / Current Accounts.,transport_leap_export_default,transport_leap_export_combined_11_MEX_domestic_international_Target_20260514.xlsx,exact_region_match,2026-05-25,v2026_05_25_best_guess,False,
Demand\Passenger road\Buses\FCEV,Stock,Current Accounts,Mexico,,Device,,10860.60606061,default,standardized,,default_best_guess,APERC placeholder road defaults,all_apec_economies_until_researcher_update,2026-05-25,v2026_05_25_best_guess,False,
Demand\Passenger road\Buses\FCEV\Hydrogen,Fuel Economy,Current Accounts,Mexico,,MJ/100 km,,241.5177893116716,default,standardized,Transport LEAP export value overlay applied from Mexico / Current Accounts.,transport_leap_export_default,transport_leap_export_combined_11_MEX_domestic_international_Target_20260514.xlsx,exact_region_match,2026-05-25,v2026_05_25_best_guess,False,
Demand\Passenger road\Buses\ICE,Sales Share,Current Accounts,Mexico,%,Share,,75.0,default,standardized,Transport LEAP export value overlay applied from Mexico / Current Accounts.,transport_leap_export_default,transport_leap_export_combined_11_MEX_domestic_international_Target_20260514.xlsx,exact_region_match,2026-05-25,v2026_05_25_best_guess,False,
Demand\Passenger road\Buses\ICE,Stock,Current Accounts,Mexico,,Device,,966593.9393939399,default,standardized,,default_best_guess,APERC placeholder road defaults,all_apec_economies_until_researcher_update,2026-05-25,v2026_05_25_best_guess,False,
Demand\Passenger road\Buses\ICE\Gas and diesel oil,Fuel Economy,Current Accounts,Mexico,,MJ/100 km,,1149.83373173769,default,standardized,Transport LEAP export value overlay applied from Mexico / Current Accounts.,transport_leap_export_default,transport_leap_export_combined_11_MEX_domestic_international_Target_20260514.xlsx,exact_region_match,2026-05-25,v2026_05_25_best_guess,False,
Demand\Passenger road\Buses\ICE\LPG,Fuel Economy,Current Accounts,Mexico,,MJ/100 km,,1010.153298723569,default,standardized,Transport LEAP export value overlay applied from Mexico / Current Accounts.,transport_leap_export_default,transport_leap_export_combined_11_MEX_domestic_international_Target_20260514.xlsx,exact_region_match,2026-05-25,v2026_05_25_best_guess,False,
Demand\Passenger road\Buses\ICE\Motor gasoline,Fuel Economy,Current Accounts,Mexico,,MJ/100 km,,1441.437390561796,default,standardized,Transport LEAP export value overlay applied from Mexico / Current Accounts.,transport_leap_export_default,transport_leap_export_combined_11_MEX_domestic_international_Target_20260514.xlsx,exact_region_match,2026-05-25,v2026_05_25_best_guess,False,
Demand\Passenger road\Buses\ICE\Natural gas,Fuel Economy,Current Accounts,Mexico,,MJ/100 km,,1598.167745889123,default,standardized,Transport LEAP export value overlay applied from Mexico / Current Accounts.,transport_leap_export_default,transport_leap_export_combined_11_MEX_domestic_international_Target_20260514.xlsx,exact_region_match,2026-05-25,v2026_05_25_best_guess,False,
Demand\Passenger road\Buses\PHEV,Fuel Economy,Current Accounts,Mexico,,MJ/100 km,,150.0,default,standardized,,default_best_guess,APERC placeholder road defaults,all_apec_economies_until_researcher_update,2026-05-25,v2026_05_25_best_guess,False,
Demand\Passenger road\Buses\PHEV,Sales Share,Current Accounts,Mexico,%,Share,,8.0,default,standardized,Transport LEAP export value overlay applied from Mexico / Current Accounts.,transport_leap_export_default,transport_leap_export_combined_11_MEX_domestic_international_Target_20260514.xlsx,exact_region_match,2026-05-25,v2026_05_25_best_guess,False,
Demand\Passenger road\Buses\PHEV,Stock,Current Accounts,Mexico,,Device,,0.0,default,standardized,,default_best_guess,APERC placeholder road defaults,all_apec_economies_until_researcher_update,2026-05-25,v2026_05_25_best_guess,False,
Demand\Passenger road\LPVs\BEV medium,Sales Share,Current Accounts,Mexico,%,Share,,7.0,default,standardized,Transport LEAP export value overlay applied from Mexico / Current Accounts.,transport_leap_export_default,transport_leap_export_combined_11_MEX_domestic_international_Target_20260514.xlsx,exact_region_match,2026-05-25,v2026_05_25_best_guess,False,
Demand\Passenger road\LPVs\BEV medium,Stock,Current Accounts,Mexico,,Device,,434424.24242424,default,standardized,,default_best_guess,APERC placeholder road defaults,all_apec_economies_until_researcher_update,2026-05-25,v2026_05_25_best_guess,False,
Demand\Passenger road\LPVs\BEV medium\Electricity,Fuel Economy,Current Accounts,Mexico,,MJ/100 km,,0.0,default,standardized,Transport LEAP export value overlay applied from Mexico / Current Accounts.,transport_leap_export_default,transport_leap_export_combined_11_MEX_domestic_international_Target_20260514.xlsx,exact_region_match,2026-05-25,v2026_05_25_best_guess,False,
Demand\Passenger road\LPVs\BEV small,Sales Share,Current Accounts,Mexico,%,Share,,9.0,default,standardized,Transport LEAP export value overlay applied from Mexico / Current Accounts.,transport_leap_export_default,transport_leap_export_combined_11_MEX_domestic_international_Target_20260514.xlsx,exact_region_match,2026-05-25,v2026_05_25_best_guess,False,
Demand\Passenger road\LPVs\BEV small,Stock,Current Accounts,Mexico,,Device,,2356751.51515152,default,standardized,,default_best_guess,APERC placeholder road defaults,all_apec_economies_until_researcher_update,2026-05-25,v2026_05_25_best_guess,False,
Demand\Passenger road\LPVs\BEV small\Electricity,Fuel Economy,Current Accounts,Mexico,,MJ/100 km,,0.0,default,standardized,Transport LEAP export value overlay applied from Mexico / Current Accounts.,transport_leap_export_default,transport_leap_export_combined_11_MEX_domestic_international_Target_20260514.xlsx,exact_region_match,2026-05-25,v2026_05_25_best_guess,False,
Demand\Passenger road\LPVs\EREV medium,Fuel Economy,Current Accounts,Mexico,,MJ/100 km,,140.0,default,standardized,,default_best_guess,APERC placeholder road defaults,all_apec_economies_until_researcher_update,2026-05-25,v2026_05_25_best_guess,False,
Demand\Passenger road\LPVs\EREV medium,Sales Share,Current Accounts,Mexico,%,Share,,1.0,default,standardized,Transport LEAP export value overlay applied from Mexico / Current Accounts.,transport_leap_export_default,transport_leap_export_combined_11_MEX_domestic_international_Target_20260514.xlsx,exact_region_match,2026-05-25,v2026_05_25_best_guess,False,
Demand\Passenger road\LPVs\EREV medium,Stock,Current Accounts,Mexico,,Device,,108606.06060606,default,standardized,,default_best_guess,APERC placeholder road defaults,all_apec_economies_until_researcher_update,2026-05-25,v2026_05_25_best_guess,False,
Demand\Passenger road\LPVs\EREV small,Fuel Economy,Current Accounts,Mexico,,MJ/100 km,,140.0,default,standardized,,default_best_guess,APERC placeholder road defaults,all_apec_economies_until_researcher_update,2026-05-25,v2026_05_25_best_guess,False,
Demand\Passenger road\LPVs\EREV small,Sales Share,Current Accounts,Mexico,%,Share,,0.0,default,standardized,Transport LEAP export value overlay applied from Mexico / Current Accounts.,transport_leap_export_default,transport_leap_export_combined_11_MEX_domestic_international_Target_20260514.xlsx,exact_region_match,2026-05-25,v2026_05_25_best_guess,False,
Demand\Passenger road\LPVs\EREV small,Stock,Current Accounts,Mexico,,Device,,1010036.36363636,default,standardized,,default_best_guess,APERC placeholder road defaults,all_apec_economies_until_researcher_update,2026-05-25,v2026_05_25_best_guess,False,
Demand\Passenger road\LPVs\FCEV medium,Sales Share,Current Accounts,Mexico,%,Share,,0.0,default,standardized,,default_best_guess,APERC placeholder road defaults,all_apec_economies_until_researcher_update,2026-05-25,v2026_05_25_best_guess,False,
Demand\Passenger road\LPVs\FCEV medium,Stock,Current Accounts,Mexico,,Device,,0.0,default,standardized,,default_best_guess,APERC placeholder road defaults,all_apec_economies_until_researcher_update,2026-05-25,v2026_05_25_best_guess,False,
Demand\Passenger road\LPVs\FCEV medium\Hydrogen,Fuel Economy,Current Accounts,Mexico,,MJ/100 km,,110.0,default,standardized,,default_best_guess,APERC placeholder road defaults,all_apec_economies_until_researcher_update,2026-05-25,v2026_05_25_best_guess,False,
Demand\Passenger road\LPVs\FCEV small,Sales Share,Current Accounts,Mexico,%,Share,,0.0,default,standardized,,default_best_guess,APERC placeholder road defaults,all_apec_economies_until_researcher_update,2026-05-25,v2026_05_25_best_guess,False,
Demand\Passenger road\LPVs\FCEV small,Stock,Current Accounts,Mexico,,Device,,0.0,default,standardized,,default_best_guess,APERC placeholder road defaults,all_apec_economies_until_researcher_update,2026-05-25,v2026_05_25_best_guess,False,
Demand\Passenger road\LPVs\FCEV small\Hydrogen,Fuel Economy,Current Accounts,Mexico,,MJ/100 km,,110.0,default,standardized,,default_best_guess,APERC placeholder road defaults,all_apec_economies_until_researcher_update,2026-05-25,v2026_05_25_best_guess,False,
Demand\Passenger road\LPVs\HEV medium,Sales Share,Current Accounts,Mexico,%,Share,,6.0,default,standardized,Transport LEAP export value overlay applied from Mexico / Current Accounts.,transport_leap_export_default,transport_leap_export_combined_11_MEX_domestic_international_Target_20260514.xlsx,exact_region_match,2026-05-25,v2026_05_25_best_guess,False,
Demand\Passenger road\LPVs\HEV medium,Stock,Current Accounts,Mexico,,Device,,651636.36363636,default,standardized,,default_best_guess,APERC placeholder road defaults,all_apec_economies_until_researcher_update,2026-05-25,v2026_05_25_best_guess,False,
Demand\Passenger road\LPVs\HEV medium\Motor gasoline,Fuel Economy,Current Accounts,Mexico,,MJ/100 km,,423.7345871305906,default,standardized,Transport LEAP export value overlay applied from Mexico / Current Accounts.,transport_leap_export_default,transport_leap_export_combined_11_MEX_domestic_international_Target_20260514.xlsx,exact_region_match,2026-05-25,v2026_05_25_best_guess,False,
Demand\Passenger road\LPVs\HEV small,Sales Share,Current Accounts,Mexico,%,Share,,10.0,default,standardized,Transport LEAP export value overlay applied from Mexico / Current Accounts.,transport_leap_export_default,transport_leap_export_combined_11_MEX_domestic_international_Target_20260514.xlsx,exact_region_match,2026-05-25,v2026_05_25_best_guess,False,
Demand\Passenger road\LPVs\HEV small,Stock,Current Accounts,Mexico,,Device,,3703466.66666667,default,standardized,,default_best_guess,APERC placeholder road defaults,all_apec_economies_until_researcher_update,2026-05-25,v2026_05_25_best_guess,False,
Demand\Passenger road\LPVs\HEV small\Motor gasoline,Fuel Economy,Current Accounts,Mexico,,MJ/100 km,,359.6828909354964,default,standardized,Transport LEAP export value overlay applied from Mexico / Current Accounts.,transport_leap_export_default,transport_leap_export_combined_11_MEX_domestic_international_Target_20260514.xlsx,exact_region_match,2026-05-25,v2026_05_25_best_guess,False,
Demand\Passenger road\LPVs\ICE medium,Sales Share,Current Accounts,Mexico,%,Share,,18.0,default,standardized,Transport LEAP export value overlay applied from Mexico / Current Accounts.,transport_leap_export_default,transport_leap_export_combined_11_MEX_domestic_international_Target_20260514.xlsx,exact_region_match,2026-05-25,v2026_05_25_best_guess,False,
Demand\Passenger road\LPVs\ICE medium,Stock,Current Accounts,Mexico,,Device,,9448727.27272727,default,standardized,,default_best_guess,APERC placeholder road defaults,all_apec_economies_until_researcher_update,2026-05-25,v2026_05_25_best_guess,False,
Demand\Passenger road\LPVs\ICE medium\Gas and diesel oil,Fuel Economy,Current Accounts,Mexico,,MJ/100 km,,326.732622774644,default,standardized,Transport LEAP export value overlay applied from Mexico / Current Accounts.,transport_leap_export_default,transport_leap_export_combined_11_MEX_domestic_international_Target_20260514.xlsx,exact_region_match,2026-05-25,v2026_05_25_best_guess,False,
Demand\Passenger road\LPVs\ICE medium\LPG,Fuel Economy,Current Accounts,Mexico,,MJ/100 km,,274.6076870450901,default,standardized,Transport LEAP export value overlay applied from Mexico / Current Accounts.,transport_leap_export_default,transport_leap_export_combined_11_MEX_domestic_international_Target_20260514.xlsx,exact_region_match,2026-05-25,v2026_05_25_best_guess,False,
Demand\Passenger road\LPVs\ICE medium\Motor gasoline,Fuel Economy,Current Accounts,Mexico,,MJ/100 km,,415.0559316612834,default,standardized,Transport LEAP export value overlay applied from Mexico / Current Accounts.,transport_leap_export_default,transport_leap_export_combined_11_MEX_domestic_international_Target_20260514.xlsx,exact_region_match,2026-05-25,v2026_05_25_best_guess,False,
Demand\Passenger road\LPVs\ICE medium\Natural gas,Fuel Economy,Current Accounts,Mexico,,MJ/100 km,,455.5498964957412,default,standardized,Transport LEAP export value overlay applied from Mexico / Current Accounts.,transport_leap_export_default,transport_leap_export_combined_11_MEX_domestic_international_Target_20260514.xlsx,exact_region_match,2026-05-25,v2026_05_25_best_guess,False,
Demand\Passenger road\LPVs\ICE small,Sales Share,Current Accounts,Mexico,%,Share,,22.0,default,standardized,Transport LEAP export value overlay applied from Mexico / Current Accounts.,transport_leap_export_default,transport_leap_export_combined_11_MEX_domestic_international_Target_20260514.xlsx,exact_region_match,2026-05-25,v2026_05_25_best_guess,False,
Demand\Passenger road\LPVs\ICE small,Stock,Current Accounts,Mexico,,Device,,25587587.878787883,default,standardized,,default_best_guess,APERC placeholder road defaults,all_apec_economies_until_researcher_update,2026-05-25,v2026_05_25_best_guess,False,
Demand\Passenger road\LPVs\ICE small\Gas and diesel oil,Fuel Economy,Current Accounts,Mexico,,MJ/100 km,,262.552907174343,default,standardized,Transport LEAP export value overlay applied from Mexico / Current Accounts.,transport_leap_export_default,transport_leap_export_combined_11_MEX_domestic_international_Target_20260514.xlsx,exact_region_match,2026-05-25,v2026_05_25_best_guess,False,
Demand\Passenger road\LPVs\ICE small\LPG,Fuel Economy,Current Accounts,Mexico,,MJ/100 km,,280.0,default,standardized,,default_best_guess,APERC placeholder road defaults,all_apec_economies_until_researcher_update,2026-05-25,v2026_05_25_best_guess,False,
Demand\Passenger road\LPVs\ICE small\Motor gasoline,Fuel Economy,Current Accounts,Mexico,,MJ/100 km,,334.0216951381541,default,standardized,Transport LEAP export value overlay applied from Mexico / Current Accounts.,transport_leap_export_default,transport_leap_export_combined_11_MEX_domestic_international_Target_20260514.xlsx,exact_region_match,2026-05-25,v2026_05_25_best_guess,False,
Demand\Passenger road\LPVs\ICE small\Natural gas,Fuel Economy,Current Accounts,Mexico,,MJ/100 km,,260.0,default,standardized,,default_best_guess,APERC placeholder road defaults,all_apec_economies_until_researcher_update,2026-05-25,v2026_05_25_best_guess,False,
Demand\Passenger road\LPVs\PHEV medium,Fuel Economy,Current Accounts,Mexico,,MJ/100 km,,150.0,default,standardized,,default_best_guess,APERC placeholder road defaults,all_apec_economies_until_researcher_update,2026-05-25,v2026_05_25_best_guess,False,
Demand\Passenger road\LPVs\PHEV medium,Sales Share,Current Accounts,Mexico,%,Share,,4.0,default,standardized,Transport LEAP export value overlay applied from Mexico / Current Accounts.,transport_leap_export_default,transport_leap_export_combined_11_MEX_domestic_international_Target_20260514.xlsx,exact_region_match,2026-05-25,v2026_05_25_best_guess,False,
Demand\Passenger road\LPVs\PHEV medium,Stock,Current Accounts,Mexico,,Device,,108606.06060606,default,standardized,,default_best_guess,APERC placeholder road defaults,all_apec_economies_until_researcher_update,2026-05-25,v2026_05_25_best_guess,False,
Demand\Passenger road\LPVs\PHEV small,Fuel Economy,Current Accounts,Mexico,,MJ/100 km,,150.0,default,standardized,,default_best_guess,APERC placeholder road defaults,all_apec_economies_until_researcher_update,2026-05-25,v2026_05_25_best_guess,False,
Demand\Passenger road\LPVs\PHEV small,Sales Share,Current Accounts,Mexico,%,Share,,3.0,default,standardized,Transport LEAP export value overlay applied from Mexico / Current Accounts.,transport_leap_export_default,transport_leap_export_combined_11_MEX_domestic_international_Target_20260514.xlsx,exact_region_match,2026-05-25,v2026_05_25_best_guess,False,
Demand\Passenger road\LPVs\PHEV small,Stock,Current Accounts,Mexico,,Device,,673357.57575758,default,standardized,,default_best_guess,APERC placeholder road defaults,all_apec_economies_until_researcher_update,2026-05-25,v2026_05_25_best_guess,False,
Demand\Passenger road\LPVs\Passenger cars,Mileage,Current Accounts,Mexico,,Kilometer,,12500.0,default,standardized,,default_best_guess,APERC placeholder road defaults,all_apec_economies_until_researcher_update,2026-05-25,v2026_05_25_best_guess,False,
Demand\Passenger road\LPVs\Passenger cars,Vehicle Equivalent Weight,Current Accounts,Mexico,,Vehicle equivalent,,1.0,provided,standardized,Vehicle equivalent weight from apec_vehicle_equivalent_weights.csv (passenger_car).,apec_vehicle_equivalent_weights,apec_vehicle_equivalent_weights.csv,passenger_car,2026,v2026_05_25_best_guess,False,
Demand\Passenger road\LPVs\SUV and light trucks,Mileage,Current Accounts,Mexico,,Kilometer,,13500.0,default,standardized,,default_best_guess,APERC placeholder road defaults,all_apec_economies_until_researcher_update,2026-05-25,v2026_05_25_best_guess,False,
Demand\Passenger road\LPVs\SUV and light trucks,Vehicle Equivalent Weight,Current Accounts,Mexico,,Vehicle equivalent,,1.35,provided,standardized,Vehicle equivalent weight from apec_vehicle_equivalent_weights.csv (suv_light_truck).,apec_vehicle_equivalent_weights,apec_vehicle_equivalent_weights.csv,suv_light_truck,2026,v2026_05_25_best_guess,False,
Demand\Passenger road\Motorcycles,Mileage,Current Accounts,Mexico,,Kilometer,,7000.0,default,standardized,,default_best_guess,APERC placeholder road defaults,all_apec_economies_until_researcher_update,2026-05-25,v2026_05_25_best_guess,False,
Demand\Passenger road\Motorcycles,Vehicle Equivalent Weight,Current Accounts,Mexico,,Vehicle equivalent,,0.25,provided,standardized,Vehicle equivalent weight from apec_vehicle_equivalent_weights.csv (motorcycle).,apec_vehicle_equivalent_weights,apec_vehicle_equivalent_weights.csv,motorcycle,2026,v2026_05_25_best_guess,False,
Demand\Passenger road\Motorcycles\BEV,Sales Share,Current Accounts,Mexico,%,Share,,20.0,default,standardized,Transport LEAP export value overlay applied from Mexico / Current Accounts.,transport_leap_export_default,transport_leap_export_combined_11_MEX_domestic_international_Target_20260514.xlsx,exact_region_match,2026-05-25,v2026_05_25_best_guess,False,
Demand\Passenger road\Motorcycles\BEV,Stock,Current Accounts,Mexico,,Device,,602112.0,default,standardized,,default_best_guess,APERC placeholder road defaults,all_apec_economies_until_researcher_update,2026-05-25,v2026_05_25_best_guess,False,
Demand\Passenger road\Motorcycles\BEV\Electricity,Fuel Economy,Current Accounts,Mexico,,MJ/100 km,,0.0,default,standardized,Transport LEAP export value overlay applied from Mexico / Current Accounts.,transport_leap_export_default,transport_leap_export_combined_11_MEX_domestic_international_Target_20260514.xlsx,exact_region_match,2026-05-25,v2026_05_25_best_guess,False,
Demand\Passenger road\Motorcycles\ICE,Sales Share,Current Accounts,Mexico,%,Share,,80.0,default,standardized,Transport LEAP export value overlay applied from Mexico / Current Accounts.,transport_leap_export_default,transport_leap_export_combined_11_MEX_domestic_international_Target_20260514.xlsx,exact_region_match,2026-05-25,v2026_05_25_best_guess,False,
Demand\Passenger road\Motorcycles\ICE,Stock,Current Accounts,Mexico,,Device,,7999488.0,default,standardized,,default_best_guess,APERC placeholder road defaults,all_apec_economies_until_researcher_update,2026-05-25,v2026_05_25_best_guess,False,
Demand\Passenger road\Motorcycles\ICE\Motor gasoline,Fuel Economy,Current Accounts,Mexico,,MJ/100 km,,183.1499648478699,default,standardized,Transport LEAP export value overlay applied from Mexico / Current Accounts.,transport_leap_export_default,transport_leap_export_combined_11_MEX_domestic_international_Target_20260514.xlsx,exact_region_match,2026-05-25,v2026_05_25_best_guess,False,
Demand\Passenger road\PHEV,PHEV Electric Driving Share,Current Accounts,Mexico,%,Share,,0.41,provided,standardized,PHEV utilisation rate from apec_phev_utilisation_rates.csv; source data_year 2025; evidence_grade C; range 0.3-0.52; synthetic_estimate. Future-year changes are handled by LEAP adjustment variables.,apec_phev_utilisation_rates,apec_phev_utilisation_rates.csv,11MEX,2025,v2026_05_25_best_guess,False,
