Branch Path,Variable,Scenario,Region,Scale,Units,Per...,2022,2030,2040,2050,input_source,standardized_label_status,notes,source_type,source_name,source_scope,source_date,default_version,researcher_review_recommended,review_reason
Demand\Freight road,Reconciliation Bound Lower,Reference,Viet Nam,%,Share,,0.85,,,,provided,standardized,Reconciliation factor from apec_reconciliation_factors.csv (freight).,apec_reconciliation_factors,apec_reconciliation_factors.csv,freight,2026,v2026_05_25_best_guess,False,
Demand\Freight road,Reconciliation Bound Upper,Reference,Viet Nam,%,Share,,1.15,,,,provided,standardized,Reconciliation factor from apec_reconciliation_factors.csv (freight).,apec_reconciliation_factors,apec_reconciliation_factors.csv,freight,2026,v2026_05_25_best_guess,False,
Demand\Freight road,Reconciliation Weight,Reference,Viet Nam,,Weight,,1.0,,,,provided,standardized,Reconciliation factor from apec_reconciliation_factors.csv (freight).,apec_reconciliation_factors,apec_reconciliation_factors.csv,freight,2026,v2026_05_25_best_guess,False,
Demand\Freight road\Age 0,Survival Rate,Reference,Viet Nam,%,Share,,1.0,,,,default,standardized,,default_best_guess,APERC placeholder road defaults,all_apec_economies_until_researcher_update,2026-05-25,v2026_05_25_best_guess,True,Placeholder default. Replace with economy-specific researcher data when available.
Demand\Freight road\Age 0,Vintage Profile Share,Reference,Viet Nam,%,Share,,1.0,,,,default,standardized,Normalize across ages before use.,default_best_guess,APERC placeholder road defaults,all_apec_economies_until_researcher_update,2026-05-25,v2026_05_25_best_guess,True,Placeholder default. Replace with economy-specific researcher data when available.
Demand\Freight road\Age 1,Survival Rate,Reference,Viet Nam,%,Share,,0.99966363,,,,default,standardized,,default_best_guess,APERC placeholder road defaults,all_apec_economies_until_researcher_update,2026-05-25,v2026_05_25_best_guess,True,Placeholder default. Replace with economy-specific researcher data when available.
Demand\Freight road\Age 1,Vintage Profile Share,Reference,Viet Nam,%,Share,,0.91,,,,default,standardized,Normalize across ages before use.,default_best_guess,APERC placeholder road defaults,all_apec_economies_until_researcher_update,2026-05-25,v2026_05_25_best_guess,True,Placeholder default. Replace with economy-specific researcher data when available.
Demand\Freight road\Age 10,Survival Rate,Reference,Viet Nam,%,Share,,0.915507,,,,default,standardized,,default_best_guess,APERC placeholder road defaults,all_apec_economies_until_researcher_update,2026-05-25,v2026_05_25_best_guess,True,Placeholder default. Replace with economy-specific researcher data when available.
Demand\Freight road\Age 10,Vintage Profile Share,Reference,Viet Nam,%,Share,,0.38941612,,,,default,standardized,Normalize across ages before use.,default_best_guess,APERC placeholder road defaults,all_apec_economies_until_researcher_update,2026-05-25,v2026_05_25_best_guess,True,Placeholder default. Replace with economy-specific researcher data when available.
Demand\Freight road\Age 11,Survival Rate,Reference,Viet Nam,%,Share,,0.89379055,,,,default,standardized,,default_best_guess,APERC placeholder road defaults,all_apec_economies_until_researcher_update,2026-05-25,v2026_05_25_best_guess,True,Placeholder default. Replace with economy-specific researcher data when available.
Demand\Freight road\Age 11,Vintage Profile Share,Reference,Viet Nam,%,Share,,0.35436867,,,,default,standardized,Normalize across ages before use.,default_best_guess,APERC placeholder road defaults,all_apec_economies_until_researcher_update,2026-05-25,v2026_05_25_best_guess,True,Placeholder default. Replace with economy-specific researcher data when available.
Demand\Freight road\Age 12,Survival Rate,Reference,Viet Nam,%,Share,,0.8691253,,,,default,standardized,,default_best_guess,APERC placeholder road defaults,all_apec_economies_until_researcher_update,2026-05-25,v2026_05_25_best_guess,True,Placeholder default. Replace with economy-specific researcher data when available.
Demand\Freight road\Age 12,Vintage Profile Share,Reference,Viet Nam,%,Share,,0.32247549,,,,default,standardized,Normalize across ages before use.,default_best_guess,APERC placeholder road defaults,all_apec_economies_until_researcher_update,2026-05-25,v2026_05_25_best_guess,True,Placeholder default. Replace with economy-specific researcher data when available.
Demand\Freight road\Age 13,Survival Rate,Reference,Viet Nam,%,Share,,0.84140672,,,,default,standardized,,default_best_guess,APERC placeholder road defaults,all_apec_economies_until_researcher_update,2026-05-25,v2026_05_25_best_guess,True,Placeholder default. Replace with economy-specific researcher data when available.
Demand\Freight road\Age 13,Vintage Profile Share,Reference,Viet Nam,%,Share,,0.29345269,,,,default,standardized,Normalize across ages before use.,default_best_guess,APERC placeholder road defaults,all_apec_economies_until_researcher_update,2026-05-25,v2026_05_25_best_guess,True,Placeholder default. Replace with economy-specific researcher data when available.
Demand\Freight road\Age 14,Survival Rate,Reference,Viet Nam,%,Share,,0.81053543,,,,default,standardized,,default_best_guess,APERC placeholder road defaults,all_apec_economies_until_researcher_update,2026-05-25,v2026_05_25_best_guess,True,Placeholder default. Replace with economy-specific researcher data when available.
Demand\Freight road\Age 14,Vintage Profile Share,Reference,Viet Nam,%,Share,,0.26704195,,,,default,standardized,Normalize across ages before use.,default_best_guess,APERC placeholder road defaults,all_apec_economies_until_researcher_update,2026-05-25,v2026_05_25_best_guess,True,Placeholder default. Replace with economy-specific researcher data when available.
Demand\Freight road\Age 15,Survival Rate,Reference,Viet Nam,%,Share,,0.7764165,,,,default,standardized,,default_best_guess,APERC placeholder road defaults,all_apec_economies_until_researcher_update,2026-05-25,v2026_05_25_best_guess,True,Placeholder default. Replace with economy-specific researcher data when available.
Demand\Freight road\Age 15,Vintage Profile Share,Reference,Viet Nam,%,Share,,0.24300818,,,,default,standardized,Normalize across ages before use.,default_best_guess,APERC placeholder road defaults,all_apec_economies_until_researcher_update,2026-05-25,v2026_05_25_best_guess,True,Placeholder default. Replace with economy-specific researcher data when available.
Demand\Freight road\Age 16,Survival Rate,Reference,Viet Nam,%,Share,,0.73895902,,,,default,standardized,,default_best_guess,APERC placeholder road defaults,all_apec_economies_until_researcher_update,2026-05-25,v2026_05_25_best_guess,True,Placeholder default. Replace with economy-specific researcher data when available.
Demand\Freight road\Age 16,Vintage Profile Share,Reference,Viet Nam,%,Share,,0.22113744,,,,default,standardized,Normalize across ages before use.,default_best_guess,APERC placeholder road defaults,all_apec_economies_until_researcher_update,2026-05-25,v2026_05_25_best_guess,True,Placeholder default. Replace with economy-specific researcher data when available.
Demand\Freight road\Age 17,Survival Rate,Reference,Viet Nam,%,Share,,0.69807565,,,,default,standardized,,default_best_guess,APERC placeholder road defaults,all_apec_economies_until_researcher_update,2026-05-25,v2026_05_25_best_guess,True,Placeholder default. Replace with economy-specific researcher data when available.
Demand\Freight road\Age 17,Vintage Profile Share,Reference,Viet Nam,%,Share,,0.20123507,,,,default,standardized,Normalize across ages before use.,default_best_guess,APERC placeholder road defaults,all_apec_economies_until_researcher_update,2026-05-25,v2026_05_25_best_guess,True,Placeholder default. Replace with economy-specific researcher data when available.
Demand\Freight road\Age 18,Survival Rate,Reference,Viet Nam,%,Share,,0.65368226,,,,default,standardized,,default_best_guess,APERC placeholder road defaults,all_apec_economies_until_researcher_update,2026-05-25,v2026_05_25_best_guess,True,Placeholder default. Replace with economy-specific researcher data when available.
Demand\Freight road\Age 18,Vintage Profile Share,Reference,Viet Nam,%,Share,,0.18312391,,,,default,standardized,Normalize across ages before use.,default_best_guess,APERC placeholder road defaults,all_apec_economies_until_researcher_update,2026-05-25,v2026_05_25_best_guess,True,Placeholder default. Replace with economy-specific researcher data when available.
Demand\Freight road\Age 19,Survival Rate,Reference,Viet Nam,%,Share,,0.60569765,,,,default,standardized,,default_best_guess,APERC placeholder road defaults,all_apec_economies_until_researcher_update,2026-05-25,v2026_05_25_best_guess,True,Placeholder default. Replace with economy-specific researcher data when available.
Demand\Freight road\Age 19,Vintage Profile Share,Reference,Viet Nam,%,Share,,0.16664276,,,,default,standardized,Normalize across ages before use.,default_best_guess,APERC placeholder road defaults,all_apec_economies_until_researcher_update,2026-05-25,v2026_05_25_best_guess,True,Placeholder default. Replace with economy-specific researcher data when available.
Demand\Freight road\Age 2,Survival Rate,Reference,Viet Nam,%,Share,,0.99822461,,,,default,standardized,,default_best_guess,APERC placeholder road defaults,all_apec_economies_until_researcher_update,2026-05-25,v2026_05_25_best_guess,True,Placeholder default. Replace with economy-specific researcher data when available.
Demand\Freight road\Age 2,Vintage Profile Share,Reference,Viet Nam,%,Share,,0.8281,,,,default,standardized,Normalize across ages before use.,default_best_guess,APERC placeholder road defaults,all_apec_economies_until_researcher_update,2026-05-25,v2026_05_25_best_guess,True,Placeholder default. Replace with economy-specific researcher data when available.
Demand\Freight road\Age 20,Survival Rate,Reference,Viet Nam,%,Share,,0.55404328,,,,default,standardized,,default_best_guess,APERC placeholder road defaults,all_apec_economies_until_researcher_update,2026-05-25,v2026_05_25_best_guess,True,Placeholder default. Replace with economy-specific researcher data when available.
Demand\Freight road\Age 20,Vintage Profile Share,Reference,Viet Nam,%,Share,,0.15164491,,,,default,standardized,Normalize across ages before use.,default_best_guess,APERC placeholder road defaults,all_apec_economies_until_researcher_update,2026-05-25,v2026_05_25_best_guess,True,Placeholder default. Replace with economy-specific researcher data when available.
Demand\Freight road\Age 21,Survival Rate,Reference,Viet Nam,%,Share,,0.49864306,,,,default,standardized,,default_best_guess,APERC placeholder road defaults,all_apec_economies_until_researcher_update,2026-05-25,v2026_05_25_best_guess,True,Placeholder default. Replace with economy-specific researcher data when available.
Demand\Freight road\Age 21,Vintage Profile Share,Reference,Viet Nam,%,Share,,0.13799687,,,,default,standardized,Normalize across ages before use.,default_best_guess,APERC placeholder road defaults,all_apec_economies_until_researcher_update,2026-05-25,v2026_05_25_best_guess,True,Placeholder default. Replace with economy-specific researcher data when available.
Demand\Freight road\Age 22,Survival Rate,Reference,Viet Nam,%,Share,,0.43942315,,,,default,standardized,,default_best_guess,APERC placeholder road defaults,all_apec_economies_until_researcher_update,2026-05-25,v2026_05_25_best_guess,True,Placeholder default. Replace with economy-specific researcher data when available.
Demand\Freight road\Age 22,Vintage Profile Share,Reference,Viet Nam,%,Share,,0.12557715,,,,default,standardized,Normalize across ages before use.,default_best_guess,APERC placeholder road defaults,all_apec_economies_until_researcher_update,2026-05-25,v2026_05_25_best_guess,True,Placeholder default. Replace with economy-specific researcher data when available.
Demand\Freight road\Age 23,Survival Rate,Reference,Viet Nam,%,Share,,0.37631179,,,,default,standardized,,default_best_guess,APERC placeholder road defaults,all_apec_economies_until_researcher_update,2026-05-25,v2026_05_25_best_guess,True,Placeholder default. Replace with economy-specific researcher data when available.
Demand\Freight road\Age 23,Vintage Profile Share,Reference,Viet Nam,%,Share,,0.11427521,,,,default,standardized,Normalize across ages before use.,default_best_guess,APERC placeholder road defaults,all_apec_economies_until_researcher_update,2026-05-25,v2026_05_25_best_guess,True,Placeholder default. Replace with economy-specific researcher data when available.
Demand\Freight road\Age 24,Survival Rate,Reference,Viet Nam,%,Share,,0.30923917,,,,default,standardized,,default_best_guess,APERC placeholder road defaults,all_apec_economies_until_researcher_update,2026-05-25,v2026_05_25_best_guess,True,Placeholder default. Replace with economy-specific researcher data when available.
Demand\Freight road\Age 24,Vintage Profile Share,Reference,Viet Nam,%,Share,,0.10399044,,,,default,standardized,Normalize across ages before use.,default_best_guess,APERC placeholder road defaults,all_apec_economies_until_researcher_update,2026-05-25,v2026_05_25_best_guess,True,Placeholder default. Replace with economy-specific researcher data when available.
Demand\Freight road\Age 25,Survival Rate,Reference,Viet Nam,%,Share,,0.23813724,,,,default,standardized,,default_best_guess,APERC placeholder road defaults,all_apec_economies_until_researcher_update,2026-05-25,v2026_05_25_best_guess,True,Placeholder default. Replace with economy-specific researcher data when available.
Demand\Freight road\Age 25,Vintage Profile Share,Reference,Viet Nam,%,Share,,0.0946313,,,,default,standardized,Normalize across ages before use.,default_best_guess,APERC placeholder road defaults,all_apec_economies_until_researcher_update,2026-05-25,v2026_05_25_best_guess,True,Placeholder default. Replace with economy-specific researcher data when available.
Demand\Freight road\Age 26,Survival Rate,Reference,Viet Nam,%,Share,,0.16293967,,,,default,standardized,,default_best_guess,APERC placeholder road defaults,all_apec_economies_until_researcher_update,2026-05-25,v2026_05_25_best_guess,True,Placeholder default. Replace with economy-specific researcher data when available.
Demand\Freight road\Age 26,Vintage Profile Share,Reference,Viet Nam,%,Share,,0.08611448,,,,default,standardized,Normalize across ages before use.,default_best_guess,APERC placeholder road defaults,all_apec_economies_until_researcher_update,2026-05-25,v2026_05_25_best_guess,True,Placeholder default. Replace with economy-specific researcher data when available.
Demand\Freight road\Age 27,Survival Rate,Reference,Viet Nam,%,Share,,0.08358169,,,,default,standardized,,default_best_guess,APERC placeholder road defaults,all_apec_economies_until_researcher_update,2026-05-25,v2026_05_25_best_guess,True,Placeholder default. Replace with economy-specific researcher data when available.
Demand\Freight road\Age 27,Vintage Profile Share,Reference,Viet Nam,%,Share,,0.07836418,,,,default,standardized,Normalize across ages before use.,default_best_guess,APERC placeholder road defaults,all_apec_economies_until_researcher_update,2026-05-25,v2026_05_25_best_guess,True,Placeholder default. Replace with economy-specific researcher data when available.
Demand\Freight road\Age 28,Survival Rate,Reference,Viet Nam,%,Share,,0.0,,,,default,standardized,,default_best_guess,APERC placeholder road defaults,all_apec_economies_until_researcher_update,2026-05-25,v2026_05_25_best_guess,True,Placeholder default. Replace with economy-specific researcher data when available.
Demand\Freight road\Age 28,Vintage Profile Share,Reference,Viet Nam,%,Share,,0.0713114,,,,default,standardized,Normalize across ages before use.,default_best_guess,APERC placeholder road defaults,all_apec_economies_until_researcher_update,2026-05-25,v2026_05_25_best_guess,True,Placeholder default. Replace with economy-specific researcher data when available.
Demand\Freight road\Age 29,Survival Rate,Reference,Viet Nam,%,Share,,0.0,,,,default,standardized,,default_best_guess,APERC placeholder road defaults,all_apec_economies_until_researcher_update,2026-05-25,v2026_05_25_best_guess,True,Placeholder default. Replace with economy-specific researcher data when available.
Demand\Freight road\Age 29,Vintage Profile Share,Reference,Viet Nam,%,Share,,0.06489338,,,,default,standardized,Normalize across ages before use.,default_best_guess,APERC placeholder road defaults,all_apec_economies_until_researcher_update,2026-05-25,v2026_05_25_best_guess,True,Placeholder default. Replace with economy-specific researcher data when available.
Demand\Freight road\Age 3,Survival Rate,Reference,Viet Nam,%,Share,,0.99530201,,,,default,standardized,,default_best_guess,APERC placeholder road defaults,all_apec_economies_until_researcher_update,2026-05-25,v2026_05_25_best_guess,True,Placeholder default. Replace with economy-specific researcher data when available.
Demand\Freight road\Age 3,Vintage Profile Share,Reference,Viet Nam,%,Share,,0.753571,,,,default,standardized,Normalize across ages before use.,default_best_guess,APERC placeholder road defaults,all_apec_economies_until_researcher_update,2026-05-25,v2026_05_25_best_guess,True,Placeholder default. Replace with economy-specific researcher data when available.
Demand\Freight road\Age 30,Survival Rate,Reference,Viet Nam,%,Share,,0.0,,,,default,standardized,,default_best_guess,APERC placeholder road defaults,all_apec_economies_until_researcher_update,2026-05-25,v2026_05_25_best_guess,True,Placeholder default. Replace with economy-specific researcher data when available.
Demand\Freight road\Age 30,Vintage Profile Share,Reference,Viet Nam,%,Share,,0.05905297,,,,default,standardized,Normalize across ages before use.,default_best_guess,APERC placeholder road defaults,all_apec_economies_until_researcher_update,2026-05-25,v2026_05_25_best_guess,True,Placeholder default. Replace with economy-specific researcher data when available.
Demand\Freight road\Age 4,Survival Rate,Reference,Viet Nam,%,Share,,0.99062946,,,,default,standardized,,default_best_guess,APERC placeholder road defaults,all_apec_economies_until_researcher_update,2026-05-25,v2026_05_25_best_guess,True,Placeholder default. Replace with economy-specific researcher data when available.
Demand\Freight road\Age 4,Vintage Profile Share,Reference,Viet Nam,%,Share,,0.68574961,,,,default,standardized,Normalize across ages before use.,default_best_guess,APERC placeholder road defaults,all_apec_economies_until_researcher_update,2026-05-25,v2026_05_25_best_guess,True,Placeholder default. Replace with economy-specific researcher data when available.
Demand\Freight road\Age 5,Survival Rate,Reference,Viet Nam,%,Share,,0.98399157,,,,default,standardized,,default_best_guess,APERC placeholder road defaults,all_apec_economies_until_researcher_update,2026-05-25,v2026_05_25_best_guess,True,Placeholder default. Replace with economy-specific researcher data when available.
Demand\Freight road\Age 5,Vintage Profile Share,Reference,Viet Nam,%,Share,,0.62403215,,,,default,standardized,Normalize across ages before use.,default_best_guess,APERC placeholder road defaults,all_apec_economies_until_researcher_update,2026-05-25,v2026_05_25_best_guess,True,Placeholder default. Replace with economy-specific researcher data when available.
Demand\Freight road\Age 6,Survival Rate,Reference,Viet Nam,%,Share,,0.97520388,,,,default,standardized,,default_best_guess,APERC placeholder road defaults,all_apec_economies_until_researcher_update,2026-05-25,v2026_05_25_best_guess,True,Placeholder default. Replace with economy-specific researcher data when available.
Demand\Freight road\Age 6,Vintage Profile Share,Reference,Viet Nam,%,Share,,0.56786925,,,,default,standardized,Normalize across ages before use.,default_best_guess,APERC placeholder road defaults,all_apec_economies_until_researcher_update,2026-05-25,v2026_05_25_best_guess,True,Placeholder default. Replace with economy-specific researcher data when available.
Demand\Freight road\Age 7,Survival Rate,Reference,Viet Nam,%,Share,,0.96410318,,,,default,standardized,,default_best_guess,APERC placeholder road defaults,all_apec_economies_until_researcher_update,2026-05-25,v2026_05_25_best_guess,True,Placeholder default. Replace with economy-specific researcher data when available.
Demand\Freight road\Age 7,Vintage Profile Share,Reference,Viet Nam,%,Share,,0.51676102,,,,default,standardized,Normalize across ages before use.,default_best_guess,APERC placeholder road defaults,all_apec_economies_until_researcher_update,2026-05-25,v2026_05_25_best_guess,True,Placeholder default. Replace with economy-specific researcher data when available.
Demand\Freight road\Age 8,Survival Rate,Reference,Viet Nam,%,Share,,0.95054198,,,,default,standardized,,default_best_guess,APERC placeholder road defaults,all_apec_economies_until_researcher_update,2026-05-25,v2026_05_25_best_guess,True,Placeholder default. Replace with economy-specific researcher data when available.
Demand\Freight road\Age 8,Vintage Profile Share,Reference,Viet Nam,%,Share,,0.47025253,,,,default,standardized,Normalize across ages before use.,default_best_guess,APERC placeholder road defaults,all_apec_economies_until_researcher_update,2026-05-25,v2026_05_25_best_guess,True,Placeholder default. Replace with economy-specific researcher data when available.
Demand\Freight road\Age 9,Survival Rate,Reference,Viet Nam,%,Share,,0.93438506,,,,default,standardized,,default_best_guess,APERC placeholder road defaults,all_apec_economies_until_researcher_update,2026-05-25,v2026_05_25_best_guess,True,Placeholder default. Replace with economy-specific researcher data when available.
Demand\Freight road\Age 9,Vintage Profile Share,Reference,Viet Nam,%,Share,,0.4279298,,,,default,standardized,Normalize across ages before use.,default_best_guess,APERC placeholder road defaults,all_apec_economies_until_researcher_update,2026-05-25,v2026_05_25_best_guess,True,Placeholder default. Replace with economy-specific researcher data when available.
Demand\Freight road\LCVs,Mileage,Reference,Viet Nam,,Kilometer,,21000.0,20666.34261548,20256.71593443,19855.20844606,default,standardized,,default_best_guess,APERC placeholder road defaults,all_apec_economies_until_researcher_update,2026-05-25,v2026_05_25_best_guess,True,Placeholder default. Replace with economy-specific researcher data when available.
Demand\Freight road\LCVs\BEV,Sales Share,Reference,Viet Nam,%,Share,,5.0,71.65541696155798,81.36234804364328,70.31309965324242,default,standardized,Transport LEAP export value overlay applied from Viet Nam / Target.,transport_leap_export_default,transport_leap_export_combined_ALL_ECONS_domestic_international_Target_20260526.xlsx,exact_region_match,2026-05-25,v2026_05_25_best_guess,True,Placeholder default. Replace with economy-specific researcher data when available.
Demand\Freight road\LCVs\BEV,Stock,Reference,Viet Nam,,Device,,89842.5,,,,default,standardized,,default_best_guess,APERC placeholder road defaults,all_apec_economies_until_researcher_update,2026-05-25,v2026_05_25_best_guess,True,Placeholder default. Replace with economy-specific researcher data when available.
Demand\Freight road\LCVs\BEV\Electricity,Fuel Economy,Reference,Viet Nam,,MJ/100 km,,205.7721121725966,173.3537323245204,166.2405067660432,158.969868521309,default,standardized,Transport LEAP export value overlay applied from Viet Nam / Target.,transport_leap_export_default,transport_leap_export_combined_ALL_ECONS_domestic_international_Target_20260526.xlsx,exact_region_match,2026-05-25,v2026_05_25_best_guess,True,Placeholder default. Replace with economy-specific researcher data when available.
Demand\Freight road\LCVs\FCEV,Sales Share,Reference,Viet Nam,%,Share,,0.0,,,,default,standardized,,default_best_guess,APERC placeholder road defaults,all_apec_economies_until_researcher_update,2026-05-25,v2026_05_25_best_guess,True,Placeholder default. Replace with economy-specific researcher data when available.
Demand\Freight road\LCVs\FCEV,Stock,Reference,Viet Nam,,Device,,0.0,,,,default,standardized,,default_best_guess,APERC placeholder road defaults,all_apec_economies_until_researcher_update,2026-05-25,v2026_05_25_best_guess,True,Placeholder default. Replace with economy-specific researcher data when available.
Demand\Freight road\LCVs\FCEV\Hydrogen,Fuel Economy,Reference,Viet Nam,,MJ/100 km,,110.0,104.82955937,98.70692084,92.94187899,default,standardized,,default_best_guess,APERC placeholder road defaults,all_apec_economies_until_researcher_update,2026-05-25,v2026_05_25_best_guess,True,Placeholder default. Replace with economy-specific researcher data when available.
Demand\Freight road\LCVs\ICE,Sales Share,Reference,Viet Nam,%,Share,,88.0,27.90508631588202,18.57993873701985,29.68690034675758,default,standardized,Transport LEAP export value overlay applied from Viet Nam / Target.,transport_leap_export_default,transport_leap_export_combined_ALL_ECONS_domestic_international_Target_20260526.xlsx,exact_region_match,2026-05-25,v2026_05_25_best_guess,True,Placeholder default. Replace with economy-specific researcher data when available.
Demand\Freight road\LCVs\ICE,Stock,Reference,Viet Nam,,Device,,2815065.0,,,,default,standardized,,default_best_guess,APERC placeholder road defaults,all_apec_economies_until_researcher_update,2026-05-25,v2026_05_25_best_guess,True,Placeholder default. Replace with economy-specific researcher data when available.
Demand\Freight road\LCVs\ICE\Gas and diesel oil,Fuel Economy,Reference,Viet Nam,,MJ/100 km,,607.4174232803686,595.8895139182538,601.8431158761218,634.960871380737,default,standardized,Transport LEAP export value overlay applied from Viet Nam / Target.,transport_leap_export_default,transport_leap_export_combined_ALL_ECONS_domestic_international_Target_20260526.xlsx,exact_region_match,2026-05-25,v2026_05_25_best_guess,True,Placeholder default. Replace with economy-specific researcher data when available.
Demand\Freight road\LCVs\ICE\LPG,Fuel Economy,Reference,Viet Nam,,MJ/100 km,,271.5234939289082,271.5234939289082,271.5234939289082,271.5234939289082,default,standardized,Transport LEAP export value overlay applied from Viet Nam / Target.,transport_leap_export_default,transport_leap_export_combined_ALL_ECONS_domestic_international_Target_20260526.xlsx,exact_region_match,2026-05-25,v2026_05_25_best_guess,True,Placeholder default. Replace with economy-specific researcher data when available.
Demand\Freight road\LCVs\ICE\Motor gasoline,Fuel Economy,Reference,Viet Nam,,MJ/100 km,,454.1015078795012,445.507787332121,449.9502655603374,474.6677840800021,default,standardized,Transport LEAP export value overlay applied from Viet Nam / Target.,transport_leap_export_default,transport_leap_export_combined_ALL_ECONS_domestic_international_Target_20260526.xlsx,exact_region_match,2026-05-25,v2026_05_25_best_guess,True,Placeholder default. Replace with economy-specific researcher data when available.
Demand\Freight road\LCVs\ICE\Natural gas,Fuel Economy,Reference,Viet Nam,,MJ/100 km,,593.5361646326994,582.3095727000355,588.1171101710914,620.4169218811157,default,standardized,Transport LEAP export value overlay applied from Viet Nam / Target.,transport_leap_export_default,transport_leap_export_combined_ALL_ECONS_domestic_international_Target_20260526.xlsx,exact_region_match,2026-05-25,v2026_05_25_best_guess,True,Placeholder default. Replace with economy-specific researcher data when available.
Demand\Freight road\LCVs\PHEV,Fuel Economy,Reference,Viet Nam,,MJ/100 km,,150.0,142.94939914,134.6003466,126.73892589,default,standardized,,default_best_guess,APERC placeholder road defaults,all_apec_economies_until_researcher_update,2026-05-25,v2026_05_25_best_guess,True,Placeholder default. Replace with economy-specific researcher data when available.
Demand\Freight road\LCVs\PHEV,Sales Share,Reference,Viet Nam,%,Share,,6.0,0.4394967225600012,0.05771321933687416,0.0,default,standardized,Transport LEAP export value overlay applied from Viet Nam / Target.,transport_leap_export_default,transport_leap_export_combined_ALL_ECONS_domestic_international_Target_20260526.xlsx,exact_region_match,2026-05-25,v2026_05_25_best_guess,True,Placeholder default. Replace with economy-specific researcher data when available.
Demand\Freight road\LCVs\PHEV,Stock,Reference,Viet Nam,,Device,,29947.5,,,,default,standardized,,default_best_guess,APERC placeholder road defaults,all_apec_economies_until_researcher_update,2026-05-25,v2026_05_25_best_guess,True,Placeholder default. Replace with economy-specific researcher data when available.
Demand\Freight road\PHEV,PHEV Electric Driving Share,Reference,Viet Nam,%,Share,,0.37,,,,provided,standardized,PHEV utilisation rate from apec_phev_utilisation_rates.csv; source data_year 2025; evidence_grade C; range 0.26-0.5; synthetic_estimate. Future-year changes are handled by LEAP adjustment variables.,apec_phev_utilisation_rates,apec_phev_utilisation_rates.csv,21VN,2025,v2026_05_25_best_guess,False,
Demand\Freight road\Trucks\BEV heavy,Sales Share,Reference,Viet Nam,%,Share,,2.0,5.197944887752498,20.3761099119478,12.02730219814143,default,standardized,Transport LEAP export value overlay applied from Viet Nam / Target.,transport_leap_export_default,transport_leap_export_combined_ALL_ECONS_domestic_international_Target_20260526.xlsx,exact_region_match,2026-05-25,v2026_05_25_best_guess,True,Placeholder default. Replace with economy-specific researcher data when available.
Demand\Freight road\Trucks\BEV heavy,Stock,Reference,Viet Nam,,Device,,21780.0,,,,default,standardized,,default_best_guess,APERC placeholder road defaults,all_apec_economies_until_researcher_update,2026-05-25,v2026_05_25_best_guess,True,Placeholder default. Replace with economy-specific researcher data when available.
Demand\Freight road\Trucks\BEV heavy\Electricity,Fuel Economy,Reference,Viet Nam,,MJ/100 km,,691.2804638276124,582.7712842260954,542.7126307988607,521.8124385590563,default,standardized,Transport LEAP export value overlay applied from Viet Nam / Target.,transport_leap_export_default,transport_leap_export_combined_ALL_ECONS_domestic_international_Target_20260526.xlsx,exact_region_match,2026-05-25,v2026_05_25_best_guess,True,Placeholder default. Replace with economy-specific researcher data when available.
Demand\Freight road\Trucks\BEV medium,Sales Share,Reference,Viet Nam,%,Share,,6.0,3.545658606663202,13.90134545320271,8.205521748173158,default,standardized,Transport LEAP export value overlay applied from Viet Nam / Target.,transport_leap_export_default,transport_leap_export_combined_ALL_ECONS_domestic_international_Target_20260526.xlsx,exact_region_match,2026-05-25,v2026_05_25_best_guess,True,Placeholder default. Replace with economy-specific researcher data when available.
Demand\Freight road\Trucks\BEV medium,Stock,Reference,Viet Nam,,Device,,27225.0,,,,default,standardized,,default_best_guess,APERC placeholder road defaults,all_apec_economies_until_researcher_update,2026-05-25,v2026_05_25_best_guess,True,Placeholder default. Replace with economy-specific researcher data when available.
Demand\Freight road\Trucks\BEV medium\Electricity,Fuel Economy,Reference,Viet Nam,,MJ/100 km,,576.06778766545,485.9622720561674,452.2931694882255,434.8552043254006,default,standardized,Transport LEAP export value overlay applied from Viet Nam / Target.,transport_leap_export_default,transport_leap_export_combined_ALL_ECONS_domestic_international_Target_20260526.xlsx,exact_region_match,2026-05-25,v2026_05_25_best_guess,True,Placeholder default. Replace with economy-specific researcher data when available.
Demand\Freight road\Trucks\FCEV heavy,Sales Share,Reference,Viet Nam,%,Share,,1.0,5.222516162698284,20.3988720287628,12.03988805951329,default,standardized,Transport LEAP export value overlay applied from Viet Nam / Target.,transport_leap_export_default,transport_leap_export_combined_ALL_ECONS_domestic_international_Target_20260526.xlsx,exact_region_match,2026-05-25,v2026_05_25_best_guess,True,Placeholder default. Replace with economy-specific researcher data when available.
Demand\Freight road\Trucks\FCEV heavy,Stock,Reference,Viet Nam,,Device,,21780.0,,,,default,standardized,,default_best_guess,APERC placeholder road defaults,all_apec_economies_until_researcher_update,2026-05-25,v2026_05_25_best_guess,True,Placeholder default. Replace with economy-specific researcher data when available.
Demand\Freight road\Trucks\FCEV heavy\Hydrogen,Fuel Economy,Reference,Viet Nam,,MJ/100 km,,1448.674418733505,1202.152423179022,1135.502385332042,1092.903543346789,default,standardized,Transport LEAP export value overlay applied from Viet Nam / Target.,transport_leap_export_default,transport_leap_export_combined_ALL_ECONS_domestic_international_Target_20260526.xlsx,exact_region_match,2026-05-25,v2026_05_25_best_guess,True,Placeholder default. Replace with economy-specific researcher data when available.
Demand\Freight road\Trucks\FCEV medium,Sales Share,Reference,Viet Nam,%,Share,,2.0,3.563179177542616,13.91758949017556,8.214484569720408,default,standardized,Transport LEAP export value overlay applied from Viet Nam / Target.,transport_leap_export_default,transport_leap_export_combined_ALL_ECONS_domestic_international_Target_20260526.xlsx,exact_region_match,2026-05-25,v2026_05_25_best_guess,True,Placeholder default. Replace with economy-specific researcher data when available.
Demand\Freight road\Trucks\FCEV medium,Stock,Reference,Viet Nam,,Device,,13612.5,,,,default,standardized,,default_best_guess,APERC placeholder road defaults,all_apec_economies_until_researcher_update,2026-05-25,v2026_05_25_best_guess,True,Placeholder default. Replace with economy-specific researcher data when available.
Demand\Freight road\Trucks\FCEV medium\Hydrogen,Fuel Economy,Reference,Viet Nam,,MJ/100 km,,1207.228682277921,1001.793685982518,946.2519877767008,910.7529527889907,default,standardized,Transport LEAP export value overlay applied from Viet Nam / Target.,transport_leap_export_default,transport_leap_export_combined_ALL_ECONS_domestic_international_Target_20260526.xlsx,exact_region_match,2026-05-25,v2026_05_25_best_guess,True,Placeholder default. Replace with economy-specific researcher data when available.
Demand\Freight road\Trucks\HEV heavy,Sales Share,Reference,Viet Nam,%,Share,,0.0,,,,default,standardized,,default_best_guess,APERC placeholder road defaults,all_apec_economies_until_researcher_update,2026-05-25,v2026_05_25_best_guess,True,Placeholder default. Replace with economy-specific researcher data when available.
Demand\Freight road\Trucks\HEV heavy,Stock,Reference,Viet Nam,,Device,,0.0,,,,default,standardized,,default_best_guess,APERC placeholder road defaults,all_apec_economies_until_researcher_update,2026-05-25,v2026_05_25_best_guess,True,Placeholder default. Replace with economy-specific researcher data when available.
Demand\Freight road\Trucks\HEV heavy\Motor gasoline,Fuel Economy,Reference,Viet Nam,,MJ/100 km,,190.0,181.06923891,170.49377236,160.5359728,default,standardized,,default_best_guess,APERC placeholder road defaults,all_apec_economies_until_researcher_update,2026-05-25,v2026_05_25_best_guess,True,Placeholder default. Replace with economy-specific researcher data when available.
Demand\Freight road\Trucks\HEV medium,Sales Share,Reference,Viet Nam,%,Share,,0.0,,,,default,standardized,,default_best_guess,APERC placeholder road defaults,all_apec_economies_until_researcher_update,2026-05-25,v2026_05_25_best_guess,True,Placeholder default. Replace with economy-specific researcher data when available.
Demand\Freight road\Trucks\HEV medium,Stock,Reference,Viet Nam,,Device,,0.0,,,,default,standardized,,default_best_guess,APERC placeholder road defaults,all_apec_economies_until_researcher_update,2026-05-25,v2026_05_25_best_guess,True,Placeholder default. Replace with economy-specific researcher data when available.
Demand\Freight road\Trucks\HEV medium\Motor gasoline,Fuel Economy,Reference,Viet Nam,,MJ/100 km,,190.0,181.06923891,170.49377236,160.5359728,default,standardized,,default_best_guess,APERC placeholder road defaults,all_apec_economies_until_researcher_update,2026-05-25,v2026_05_25_best_guess,True,Placeholder default. Replace with economy-specific researcher data when available.
Demand\Freight road\Trucks\Heavy trucks,Mileage,Reference,Viet Nam,,Kilometer,,65000.0,63967.25095268,62699.35884466,61456.59757114,default,standardized,,default_best_guess,APERC placeholder road defaults,all_apec_economies_until_researcher_update,2026-05-25,v2026_05_25_best_guess,True,Placeholder default. Replace with economy-specific researcher data when available.
Demand\Freight road\Trucks\ICE heavy,Sales Share,Reference,Viet Nam,%,Share,,37.0,49.06180595952847,18.68557704784739,35.41534592125596,default,standardized,Transport LEAP export value overlay applied from Viet Nam / Target.,transport_leap_export_default,transport_leap_export_combined_ALL_ECONS_domestic_international_Target_20260526.xlsx,exact_region_match,2026-05-25,v2026_05_25_best_guess,True,Placeholder default. Replace with economy-specific researcher data when available.
Demand\Freight road\Trucks\ICE heavy,Stock,Reference,Viet Nam,,Device,,1045440.0,,,,default,standardized,,default_best_guess,APERC placeholder road defaults,all_apec_economies_until_researcher_update,2026-05-25,v2026_05_25_best_guess,True,Placeholder default. Replace with economy-specific researcher data when available.
Demand\Freight road\Trucks\ICE heavy\Gas and diesel oil,Fuel Economy,Reference,Viet Nam,,MJ/100 km,,2035.161952455418,1967.479978193347,1952.022212651996,1951.647483355635,default,standardized,Transport LEAP export value overlay applied from Viet Nam / Target.,transport_leap_export_default,transport_leap_export_combined_ALL_ECONS_domestic_international_Target_20260526.xlsx,exact_region_match,2026-05-25,v2026_05_25_best_guess,True,Placeholder default. Replace with economy-specific researcher data when available.
Demand\Freight road\Trucks\ICE heavy\LPG,Fuel Economy,Reference,Viet Nam,,MJ/100 km,,912.0721000611973,912.0721000611973,912.0721000611973,912.0721000611973,default,standardized,Transport LEAP export value overlay applied from Viet Nam / Target.,transport_leap_export_default,transport_leap_export_combined_ALL_ECONS_domestic_international_Target_20260526.xlsx,exact_region_match,2026-05-25,v2026_05_25_best_guess,True,Placeholder default. Replace with economy-specific researcher data when available.
Demand\Freight road\Trucks\ICE heavy\Motor gasoline,Fuel Economy,Reference,Viet Nam,,MJ/100 km,,1535.820126444124,1484.794125165827,1473.127392894907,1472.749690613866,default,standardized,Transport LEAP export value overlay applied from Viet Nam / Target.,transport_leap_export_default,transport_leap_export_combined_ALL_ECONS_domestic_international_Target_20260526.xlsx,exact_region_match,2026-05-25,v2026_05_25_best_guess,True,Placeholder default. Replace with economy-specific researcher data when available.
Demand\Freight road\Trucks\ICE heavy\Natural gas,Fuel Economy,Reference,Viet Nam,,MJ/100 km,,1993.744900639899,1927.505858770024,1912.360600839417,1911.868555398549,default,standardized,Transport LEAP export value overlay applied from Viet Nam / Target.,transport_leap_export_default,transport_leap_export_combined_ALL_ECONS_domestic_international_Target_20260526.xlsx,exact_region_match,2026-05-25,v2026_05_25_best_guess,True,Placeholder default. Replace with economy-specific researcher data when available.
Demand\Freight road\Trucks\ICE medium,Sales Share,Reference,Viet Nam,%,Share,,40.0,33.40889520581492,12.72050606806375,24.09745750319576,default,standardized,Transport LEAP export value overlay applied from Viet Nam / Target.,transport_leap_export_default,transport_leap_export_combined_ALL_ECONS_domestic_international_Target_20260526.xlsx,exact_region_match,2026-05-25,v2026_05_25_best_guess,True,Placeholder default. Replace with economy-specific researcher data when available.
Demand\Freight road\Trucks\ICE medium,Stock,Reference,Viet Nam,,Device,,1320412.5,,,,default,standardized,,default_best_guess,APERC placeholder road defaults,all_apec_economies_until_researcher_update,2026-05-25,v2026_05_25_best_guess,True,Placeholder default. Replace with economy-specific researcher data when available.
Demand\Freight road\Trucks\ICE medium\Gas and diesel oil,Fuel Economy,Reference,Viet Nam,,MJ/100 km,,1544.95216826206,1493.604406264472,1481.867184189777,1481.512939488644,default,standardized,Transport LEAP export value overlay applied from Viet Nam / Target.,transport_leap_export_default,transport_leap_export_combined_ALL_ECONS_domestic_international_Target_20260526.xlsx,exact_region_match,2026-05-25,v2026_05_25_best_guess,True,Placeholder default. Replace with economy-specific researcher data when available.
Demand\Freight road\Trucks\ICE medium\LPG,Fuel Economy,Reference,Viet Nam,,MJ/100 km,,760.0600833843321,760.0600833843321,760.0600833843321,760.0600833843321,default,standardized,Transport LEAP export value overlay applied from Viet Nam / Target.,transport_leap_export_default,transport_leap_export_combined_ALL_ECONS_domestic_international_Target_20260526.xlsx,exact_region_match,2026-05-25,v2026_05_25_best_guess,True,Placeholder default. Replace with economy-specific researcher data when available.
Demand\Freight road\Trucks\ICE medium\Motor gasoline,Fuel Economy,Reference,Viet Nam,,MJ/100 km,,1279.317665670846,1236.720483655612,1227.023910737577,1226.901049201725,default,standardized,Transport LEAP export value overlay applied from Viet Nam / Target.,transport_leap_export_default,transport_leap_export_combined_ALL_ECONS_domestic_international_Target_20260526.xlsx,exact_region_match,2026-05-25,v2026_05_25_best_guess,True,Placeholder default. Replace with economy-specific researcher data when available.
Demand\Freight road\Trucks\ICE medium\Natural gas,Fuel Economy,Reference,Viet Nam,,MJ/100 km,,1661.445756189128,1606.127781497585,1593.53215943194,1593.364894625234,default,standardized,Transport LEAP export value overlay applied from Viet Nam / Target.,transport_leap_export_default,transport_leap_export_combined_ALL_ECONS_domestic_international_Target_20260526.xlsx,exact_region_match,2026-05-25,v2026_05_25_best_guess,True,Placeholder default. Replace with economy-specific researcher data when available.
Demand\Freight road\Trucks\Medium trucks,Mileage,Reference,Viet Nam,,Kilometer,,36000.0,35428.01591226,34725.79874473,34037.50019324,default,standardized,,default_best_guess,APERC placeholder road defaults,all_apec_economies_until_researcher_update,2026-05-25,v2026_05_25_best_guess,True,Placeholder default. Replace with economy-specific researcher data when available.
Demand\Freight road\Trucks\PHEV heavy,Fuel Economy,Reference,Viet Nam,,MJ/100 km,,150.0,142.94939914,134.6003466,126.73892589,default,standardized,,default_best_guess,APERC placeholder road defaults,all_apec_economies_until_researcher_update,2026-05-25,v2026_05_25_best_guess,True,Placeholder default. Replace with economy-specific researcher data when available.
Demand\Freight road\Trucks\PHEV heavy,Sales Share,Reference,Viet Nam,%,Share,,3.0,0.0,0.0,0.0,default,standardized,Transport LEAP export value overlay applied from Viet Nam / Target.,transport_leap_export_default,transport_leap_export_combined_ALL_ECONS_domestic_international_Target_20260526.xlsx,exact_region_match,2026-05-25,v2026_05_25_best_guess,True,Placeholder default. Replace with economy-specific researcher data when available.
Demand\Freight road\Trucks\PHEV heavy,Stock,Reference,Viet Nam,,Device,,0.0,,,,default,standardized,,default_best_guess,APERC placeholder road defaults,all_apec_economies_until_researcher_update,2026-05-25,v2026_05_25_best_guess,True,Placeholder default. Replace with economy-specific researcher data when available.
Demand\Freight road\Trucks\PHEV medium,Fuel Economy,Reference,Viet Nam,,MJ/100 km,,150.0,142.94939914,134.6003466,126.73892589,default,standardized,,default_best_guess,APERC placeholder road defaults,all_apec_economies_until_researcher_update,2026-05-25,v2026_05_25_best_guess,True,Placeholder default. Replace with economy-specific researcher data when available.
Demand\Freight road\Trucks\PHEV medium,Sales Share,Reference,Viet Nam,%,Share,,5.0,0.0,0.0,0.0,default,standardized,Transport LEAP export value overlay applied from Viet Nam / Target.,transport_leap_export_default,transport_leap_export_combined_ALL_ECONS_domestic_international_Target_20260526.xlsx,exact_region_match,2026-05-25,v2026_05_25_best_guess,True,Placeholder default. Replace with economy-specific researcher data when available.
Demand\Freight road\Trucks\PHEV medium,Stock,Reference,Viet Nam,,Device,,0.0,,,,default,standardized,,default_best_guess,APERC placeholder road defaults,all_apec_economies_until_researcher_update,2026-05-25,v2026_05_25_best_guess,True,Placeholder default. Replace with economy-specific researcher data when available.
Demand\Passenger road,Passenger Vehicle Saturation,Reference,Viet Nam,,Device,1000 people,360.0,,,,provided,standardized,"Passenger saturation from apec_passenger_vehicle_saturation.csv; lower=300, upper=440, grade=B, status=synthetic_estimate.",apec_passenger_saturation,apec_passenger_vehicle_saturation.csv,21VN,2024,v2026_05_25_best_guess,False,
Demand\Passenger road,Reconciliation Bound Lower,Reference,Viet Nam,%,Share,,0.85,,,,provided,standardized,Reconciliation factor from apec_reconciliation_factors.csv (passenger).,apec_reconciliation_factors,apec_reconciliation_factors.csv,passenger,2026,v2026_05_25_best_guess,False,
Demand\Passenger road,Reconciliation Bound Upper,Reference,Viet Nam,%,Share,,1.15,,,,provided,standardized,Reconciliation factor from apec_reconciliation_factors.csv (passenger).,apec_reconciliation_factors,apec_reconciliation_factors.csv,passenger,2026,v2026_05_25_best_guess,False,
Demand\Passenger road,Reconciliation Weight,Reference,Viet Nam,,Weight,,1.0,,,,provided,standardized,Reconciliation factor from apec_reconciliation_factors.csv (passenger).,apec_reconciliation_factors,apec_reconciliation_factors.csv,passenger,2026,v2026_05_25_best_guess,False,
Demand\Passenger road\Age 0,Survival Rate,Reference,Viet Nam,%,Share,,1.0,,,,default,standardized,,default_best_guess,APERC placeholder road defaults,all_apec_economies_until_researcher_update,2026-05-25,v2026_05_25_best_guess,True,Placeholder default. Replace with economy-specific researcher data when available.
Demand\Passenger road\Age 0,Vintage Profile Share,Reference,Viet Nam,%,Share,,1.0,,,,default,standardized,Normalize across ages before use.,default_best_guess,APERC placeholder road defaults,all_apec_economies_until_researcher_update,2026-05-25,v2026_05_25_best_guess,True,Placeholder default. Replace with economy-specific researcher data when available.
Demand\Passenger road\Age 1,Survival Rate,Reference,Viet Nam,%,Share,,0.99888655,,,,default,standardized,,default_best_guess,APERC placeholder road defaults,all_apec_economies_until_researcher_update,2026-05-25,v2026_05_25_best_guess,True,Placeholder default. Replace with economy-specific researcher data when available.
Demand\Passenger road\Age 1,Vintage Profile Share,Reference,Viet Nam,%,Share,,0.88,,,,default,standardized,Normalize across ages before use.,default_best_guess,APERC placeholder road defaults,all_apec_economies_until_researcher_update,2026-05-25,v2026_05_25_best_guess,True,Placeholder default. Replace with economy-specific researcher data when available.
Demand\Passenger road\Age 10,Survival Rate,Reference,Viet Nam,%,Share,,0.82353032,,,,default,standardized,,default_best_guess,APERC placeholder road defaults,all_apec_economies_until_researcher_update,2026-05-25,v2026_05_25_best_guess,True,Placeholder default. Replace with economy-specific researcher data when available.
Demand\Passenger road\Age 10,Vintage Profile Share,Reference,Viet Nam,%,Share,,0.27850098,,,,default,standardized,Normalize across ages before use.,default_best_guess,APERC placeholder road defaults,all_apec_economies_until_researcher_update,2026-05-25,v2026_05_25_best_guess,True,Placeholder default. Replace with economy-specific researcher data when available.
Demand\Passenger road\Age 11,Survival Rate,Reference,Viet Nam,%,Share,,0.78236236,,,,default,standardized,,default_best_guess,APERC placeholder road defaults,all_apec_economies_until_researcher_update,2026-05-25,v2026_05_25_best_guess,True,Placeholder default. Replace with economy-specific researcher data when available.
Demand\Passenger road\Age 11,Vintage Profile Share,Reference,Viet Nam,%,Share,,0.24508086,,,,default,standardized,Normalize across ages before use.,default_best_guess,APERC placeholder road defaults,all_apec_economies_until_researcher_update,2026-05-25,v2026_05_25_best_guess,True,Placeholder default. Replace with economy-specific researcher data when available.
Demand\Passenger road\Age 12,Survival Rate,Reference,Viet Nam,%,Share,,0.73644647,,,,default,standardized,,default_best_guess,APERC placeholder road defaults,all_apec_economies_until_researcher_update,2026-05-25,v2026_05_25_best_guess,True,Placeholder default. Replace with economy-specific researcher data when available.
Demand\Passenger road\Age 12,Vintage Profile Share,Reference,Viet Nam,%,Share,,0.21567116,,,,default,standardized,Normalize across ages before use.,default_best_guess,APERC placeholder road defaults,all_apec_economies_until_researcher_update,2026-05-25,v2026_05_25_best_guess,True,Placeholder default. Replace with economy-specific researcher data when available.
Demand\Passenger road\Age 13,Survival Rate,Reference,Viet Nam,%,Share,,0.68569921,,,,default,standardized,,default_best_guess,APERC placeholder road defaults,all_apec_economies_until_researcher_update,2026-05-25,v2026_05_25_best_guess,True,Placeholder default. Replace with economy-specific researcher data when available.
Demand\Passenger road\Age 13,Vintage Profile Share,Reference,Viet Nam,%,Share,,0.18979062,,,,default,standardized,Normalize across ages before use.,default_best_guess,APERC placeholder road defaults,all_apec_economies_until_researcher_update,2026-05-25,v2026_05_25_best_guess,True,Placeholder default. Replace with economy-specific researcher data when available.
Demand\Passenger road\Age 14,Survival Rate,Reference,Viet Nam,%,Share,,0.63004255,,,,default,standardized,,default_best_guess,APERC placeholder road defaults,all_apec_economies_until_researcher_update,2026-05-25,v2026_05_25_best_guess,True,Placeholder default. Replace with economy-specific researcher data when available.
Demand\Passenger road\Age 14,Vintage Profile Share,Reference,Viet Nam,%,Share,,0.16701574,,,,default,standardized,Normalize across ages before use.,default_best_guess,APERC placeholder road defaults,all_apec_economies_until_researcher_update,2026-05-25,v2026_05_25_best_guess,True,Placeholder default. Replace with economy-specific researcher data when available.
Demand\Passenger road\Age 15,Survival Rate,Reference,Viet Nam,%,Share,,0.56940313,,,,default,standardized,,default_best_guess,APERC placeholder road defaults,all_apec_economies_until_researcher_update,2026-05-25,v2026_05_25_best_guess,True,Placeholder default. Replace with economy-specific researcher data when available.
Demand\Passenger road\Age 15,Vintage Profile Share,Reference,Viet Nam,%,Share,,0.14697385,,,,default,standardized,Normalize across ages before use.,default_best_guess,APERC placeholder road defaults,all_apec_economies_until_researcher_update,2026-05-25,v2026_05_25_best_guess,True,Placeholder default. Replace with economy-specific researcher data when available.
Demand\Passenger road\Age 16,Survival Rate,Reference,Viet Nam,%,Share,,0.50371167,,,,default,standardized,,default_best_guess,APERC placeholder road defaults,all_apec_economies_until_researcher_update,2026-05-25,v2026_05_25_best_guess,True,Placeholder default. Replace with economy-specific researcher data when available.
Demand\Passenger road\Age 16,Vintage Profile Share,Reference,Viet Nam,%,Share,,0.12933699,,,,default,standardized,Normalize across ages before use.,default_best_guess,APERC placeholder road defaults,all_apec_economies_until_researcher_update,2026-05-25,v2026_05_25_best_guess,True,Placeholder default. Replace with economy-specific researcher data when available.
Demand\Passenger road\Age 17,Survival Rate,Reference,Viet Nam,%,Share,,0.4329025,,,,default,standardized,,default_best_guess,APERC placeholder road defaults,all_apec_economies_until_researcher_update,2026-05-25,v2026_05_25_best_guess,True,Placeholder default. Replace with economy-specific researcher data when available.
Demand\Passenger road\Age 17,Vintage Profile Share,Reference,Viet Nam,%,Share,,0.11381655,,,,default,standardized,Normalize across ages before use.,default_best_guess,APERC placeholder road defaults,all_apec_economies_until_researcher_update,2026-05-25,v2026_05_25_best_guess,True,Placeholder default. Replace with economy-specific researcher data when available.
Demand\Passenger road\Age 18,Survival Rate,Reference,Viet Nam,%,Share,,0.35691317,,,,default,standardized,,default_best_guess,APERC placeholder road defaults,all_apec_economies_until_researcher_update,2026-05-25,v2026_05_25_best_guess,True,Placeholder default. Replace with economy-specific researcher data when available.
Demand\Passenger road\Age 18,Vintage Profile Share,Reference,Viet Nam,%,Share,,0.10015857,,,,default,standardized,Normalize across ages before use.,default_best_guess,APERC placeholder road defaults,all_apec_economies_until_researcher_update,2026-05-25,v2026_05_25_best_guess,True,Placeholder default. Replace with economy-specific researcher data when available.
Demand\Passenger road\Age 19,Survival Rate,Reference,Viet Nam,%,Share,,0.27568409,,,,default,standardized,,default_best_guess,APERC placeholder road defaults,all_apec_economies_until_researcher_update,2026-05-25,v2026_05_25_best_guess,True,Placeholder default. Replace with economy-specific researcher data when available.
Demand\Passenger road\Age 19,Vintage Profile Share,Reference,Viet Nam,%,Share,,0.08813954,,,,default,standardized,Normalize across ages before use.,default_best_guess,APERC placeholder road defaults,all_apec_economies_until_researcher_update,2026-05-25,v2026_05_25_best_guess,True,Placeholder default. Replace with economy-specific researcher data when available.
Demand\Passenger road\Age 2,Survival Rate,Reference,Viet Nam,%,Share,,0.99488393,,,,default,standardized,,default_best_guess,APERC placeholder road defaults,all_apec_economies_until_researcher_update,2026-05-25,v2026_05_25_best_guess,True,Placeholder default. Replace with economy-specific researcher data when available.
Demand\Passenger road\Age 2,Vintage Profile Share,Reference,Viet Nam,%,Share,,0.7744,,,,default,standardized,Normalize across ages before use.,default_best_guess,APERC placeholder road defaults,all_apec_economies_until_researcher_update,2026-05-25,v2026_05_25_best_guess,True,Placeholder default. Replace with economy-specific researcher data when available.
Demand\Passenger road\Age 20,Survival Rate,Reference,Viet Nam,%,Share,,0.18915827,,,,default,standardized,,default_best_guess,APERC placeholder road defaults,all_apec_economies_until_researcher_update,2026-05-25,v2026_05_25_best_guess,True,Placeholder default. Replace with economy-specific researcher data when available.
Demand\Passenger road\Age 20,Vintage Profile Share,Reference,Viet Nam,%,Share,,0.07756279,,,,default,standardized,Normalize across ages before use.,default_best_guess,APERC placeholder road defaults,all_apec_economies_until_researcher_update,2026-05-25,v2026_05_25_best_guess,True,Placeholder default. Replace with economy-specific researcher data when available.
Demand\Passenger road\Age 21,Survival Rate,Reference,Viet Nam,%,Share,,0.09728107,,,,default,standardized,,default_best_guess,APERC placeholder road defaults,all_apec_economies_until_researcher_update,2026-05-25,v2026_05_25_best_guess,True,Placeholder default. Replace with economy-specific researcher data when available.
Demand\Passenger road\Age 21,Vintage Profile Share,Reference,Viet Nam,%,Share,,0.06825526,,,,default,standardized,Normalize across ages before use.,default_best_guess,APERC placeholder road defaults,all_apec_economies_until_researcher_update,2026-05-25,v2026_05_25_best_guess,True,Placeholder default. Replace with economy-specific researcher data when available.
Demand\Passenger road\Age 22,Survival Rate,Reference,Viet Nam,%,Share,,0.0,,,,default,standardized,,default_best_guess,APERC placeholder road defaults,all_apec_economies_until_researcher_update,2026-05-25,v2026_05_25_best_guess,True,Placeholder default. Replace with economy-specific researcher data when available.
Demand\Passenger road\Age 22,Vintage Profile Share,Reference,Viet Nam,%,Share,,0.06006463,,,,default,standardized,Normalize across ages before use.,default_best_guess,APERC placeholder road defaults,all_apec_economies_until_researcher_update,2026-05-25,v2026_05_25_best_guess,True,Placeholder default. Replace with economy-specific researcher data when available.
Demand\Passenger road\Age 23,Survival Rate,Reference,Viet Nam,%,Share,,0.0,,,,default,standardized,,default_best_guess,APERC placeholder road defaults,all_apec_economies_until_researcher_update,2026-05-25,v2026_05_25_best_guess,True,Placeholder default. Replace with economy-specific researcher data when available.
Demand\Passenger road\Age 23,Vintage Profile Share,Reference,Viet Nam,%,Share,,0.05285687,,,,default,standardized,Normalize across ages before use.,default_best_guess,APERC placeholder road defaults,all_apec_economies_until_researcher_update,2026-05-25,v2026_05_25_best_guess,True,Placeholder default. Replace with economy-specific researcher data when available.
Demand\Passenger road\Age 24,Survival Rate,Reference,Viet Nam,%,Share,,0.0,,,,default,standardized,,default_best_guess,APERC placeholder road defaults,all_apec_economies_until_researcher_update,2026-05-25,v2026_05_25_best_guess,True,Placeholder default. Replace with economy-specific researcher data when available.
Demand\Passenger road\Age 24,Vintage Profile Share,Reference,Viet Nam,%,Share,,0.04651405,,,,default,standardized,Normalize across ages before use.,default_best_guess,APERC placeholder road defaults,all_apec_economies_until_researcher_update,2026-05-25,v2026_05_25_best_guess,True,Placeholder default. Replace with economy-specific researcher data when available.
Demand\Passenger road\Age 25,Survival Rate,Reference,Viet Nam,%,Share,,0.0,,,,default,standardized,,default_best_guess,APERC placeholder road defaults,all_apec_economies_until_researcher_update,2026-05-25,v2026_05_25_best_guess,True,Placeholder default. Replace with economy-specific researcher data when available.
Demand\Passenger road\Age 25,Vintage Profile Share,Reference,Viet Nam,%,Share,,0.04093236,,,,default,standardized,Normalize across ages before use.,default_best_guess,APERC placeholder road defaults,all_apec_economies_until_researcher_update,2026-05-25,v2026_05_25_best_guess,True,Placeholder default. Replace with economy-specific researcher data when available.
Demand\Passenger road\Age 26,Survival Rate,Reference,Viet Nam,%,Share,,0.0,,,,default,standardized,,default_best_guess,APERC placeholder road defaults,all_apec_economies_until_researcher_update,2026-05-25,v2026_05_25_best_guess,True,Placeholder default. Replace with economy-specific researcher data when available.
Demand\Passenger road\Age 26,Vintage Profile Share,Reference,Viet Nam,%,Share,,0.03602048,,,,default,standardized,Normalize across ages before use.,default_best_guess,APERC placeholder road defaults,all_apec_economies_until_researcher_update,2026-05-25,v2026_05_25_best_guess,True,Placeholder default. Replace with economy-specific researcher data when available.
Demand\Passenger road\Age 27,Survival Rate,Reference,Viet Nam,%,Share,,0.0,,,,default,standardized,,default_best_guess,APERC placeholder road defaults,all_apec_economies_until_researcher_update,2026-05-25,v2026_05_25_best_guess,True,Placeholder default. Replace with economy-specific researcher data when available.
Demand\Passenger road\Age 27,Vintage Profile Share,Reference,Viet Nam,%,Share,,0.03169802,,,,default,standardized,Normalize across ages before use.,default_best_guess,APERC placeholder road defaults,all_apec_economies_until_researcher_update,2026-05-25,v2026_05_25_best_guess,True,Placeholder default. Replace with economy-specific researcher data when available.
Demand\Passenger road\Age 28,Survival Rate,Reference,Viet Nam,%,Share,,0.0,,,,default,standardized,,default_best_guess,APERC placeholder road defaults,all_apec_economies_until_researcher_update,2026-05-25,v2026_05_25_best_guess,True,Placeholder default. Replace with economy-specific researcher data when available.
Demand\Passenger road\Age 28,Vintage Profile Share,Reference,Viet Nam,%,Share,,0.02789426,,,,default,standardized,Normalize across ages before use.,default_best_guess,APERC placeholder road defaults,all_apec_economies_until_researcher_update,2026-05-25,v2026_05_25_best_guess,True,Placeholder default. Replace with economy-specific researcher data when available.
Demand\Passenger road\Age 29,Survival Rate,Reference,Viet Nam,%,Share,,0.0,,,,default,standardized,,default_best_guess,APERC placeholder road defaults,all_apec_economies_until_researcher_update,2026-05-25,v2026_05_25_best_guess,True,Placeholder default. Replace with economy-specific researcher data when available.
Demand\Passenger road\Age 29,Vintage Profile Share,Reference,Viet Nam,%,Share,,0.02454695,,,,default,standardized,Normalize across ages before use.,default_best_guess,APERC placeholder road defaults,all_apec_economies_until_researcher_update,2026-05-25,v2026_05_25_best_guess,True,Placeholder default. Replace with economy-specific researcher data when available.
Demand\Passenger road\Age 3,Survival Rate,Reference,Viet Nam,%,Share,,0.98751649,,,,default,standardized,,default_best_guess,APERC placeholder road defaults,all_apec_economies_until_researcher_update,2026-05-25,v2026_05_25_best_guess,True,Placeholder default. Replace with economy-specific researcher data when available.
Demand\Passenger road\Age 3,Vintage Profile Share,Reference,Viet Nam,%,Share,,0.681472,,,,default,standardized,Normalize across ages before use.,default_best_guess,APERC placeholder road defaults,all_apec_economies_until_researcher_update,2026-05-25,v2026_05_25_best_guess,True,Placeholder default. Replace with economy-specific researcher data when available.
Demand\Passenger road\Age 30,Survival Rate,Reference,Viet Nam,%,Share,,0.0,,,,default,standardized,,default_best_guess,APERC placeholder road defaults,all_apec_economies_until_researcher_update,2026-05-25,v2026_05_25_best_guess,True,Placeholder default. Replace with economy-specific researcher data when available.
Demand\Passenger road\Age 30,Vintage Profile Share,Reference,Viet Nam,%,Share,,0.02160131,,,,default,standardized,Normalize across ages before use.,default_best_guess,APERC placeholder road defaults,all_apec_economies_until_researcher_update,2026-05-25,v2026_05_25_best_guess,True,Placeholder default. Replace with economy-specific researcher data when available.
Demand\Passenger road\Age 4,Survival Rate,Reference,Viet Nam,%,Share,,0.97649274,,,,default,standardized,,default_best_guess,APERC placeholder road defaults,all_apec_economies_until_researcher_update,2026-05-25,v2026_05_25_best_guess,True,Placeholder default. Replace with economy-specific researcher data when available.
Demand\Passenger road\Age 4,Vintage Profile Share,Reference,Viet Nam,%,Share,,0.59969536,,,,default,standardized,Normalize across ages before use.,default_best_guess,APERC placeholder road defaults,all_apec_economies_until_researcher_update,2026-05-25,v2026_05_25_best_guess,True,Placeholder default. Replace with economy-specific researcher data when available.
Demand\Passenger road\Age 5,Survival Rate,Reference,Viet Nam,%,Share,,0.96159355,,,,default,standardized,,default_best_guess,APERC placeholder road defaults,all_apec_economies_until_researcher_update,2026-05-25,v2026_05_25_best_guess,True,Placeholder default. Replace with economy-specific researcher data when available.
Demand\Passenger road\Age 5,Vintage Profile Share,Reference,Viet Nam,%,Share,,0.52773192,,,,default,standardized,Normalize across ages before use.,default_best_guess,APERC placeholder road defaults,all_apec_economies_until_researcher_update,2026-05-25,v2026_05_25_best_guess,True,Placeholder default. Replace with economy-specific researcher data when available.
Demand\Passenger road\Age 6,Survival Rate,Reference,Viet Nam,%,Share,,0.94264083,,,,default,standardized,,default_best_guess,APERC placeholder road defaults,all_apec_economies_until_researcher_update,2026-05-25,v2026_05_25_best_guess,True,Placeholder default. Replace with economy-specific researcher data when available.
Demand\Passenger road\Age 6,Vintage Profile Share,Reference,Viet Nam,%,Share,,0.46440409,,,,default,standardized,Normalize across ages before use.,default_best_guess,APERC placeholder road defaults,all_apec_economies_until_researcher_update,2026-05-25,v2026_05_25_best_guess,True,Placeholder default. Replace with economy-specific researcher data when available.
Demand\Passenger road\Age 7,Survival Rate,Reference,Viet Nam,%,Share,,0.91948333,,,,default,standardized,,default_best_guess,APERC placeholder road defaults,all_apec_economies_until_researcher_update,2026-05-25,v2026_05_25_best_guess,True,Placeholder default. Replace with economy-specific researcher data when available.
Demand\Passenger road\Age 7,Vintage Profile Share,Reference,Viet Nam,%,Share,,0.4086756,,,,default,standardized,Normalize across ages before use.,default_best_guess,APERC placeholder road defaults,all_apec_economies_until_researcher_update,2026-05-25,v2026_05_25_best_guess,True,Placeholder default. Replace with economy-specific researcher data when available.
Demand\Passenger road\Age 8,Survival Rate,Reference,Viet Nam,%,Share,,0.89198898,,,,default,standardized,,default_best_guess,APERC placeholder road defaults,all_apec_economies_until_researcher_update,2026-05-25,v2026_05_25_best_guess,True,Placeholder default. Replace with economy-specific researcher data when available.
Demand\Passenger road\Age 8,Vintage Profile Share,Reference,Viet Nam,%,Share,,0.35963452,,,,default,standardized,Normalize across ages before use.,default_best_guess,APERC placeholder road defaults,all_apec_economies_until_researcher_update,2026-05-25,v2026_05_25_best_guess,True,Placeholder default. Replace with economy-specific researcher data when available.
Demand\Passenger road\Age 9,Survival Rate,Reference,Viet Nam,%,Share,,0.8600401,,,,default,standardized,,default_best_guess,APERC placeholder road defaults,all_apec_economies_until_researcher_update,2026-05-25,v2026_05_25_best_guess,True,Placeholder default. Replace with economy-specific researcher data when available.
Demand\Passenger road\Age 9,Vintage Profile Share,Reference,Viet Nam,%,Share,,0.31647838,,,,default,standardized,Normalize across ages before use.,default_best_guess,APERC placeholder road defaults,all_apec_economies_until_researcher_update,2026-05-25,v2026_05_25_best_guess,True,Placeholder default. Replace with economy-specific researcher data when available.
Demand\Passenger road\Buses,Mileage,Reference,Viet Nam,,Kilometer,,45000.0,44285.01989032,43407.24843092,42546.87524156,default,standardized,,default_best_guess,APERC placeholder road defaults,all_apec_economies_until_researcher_update,2026-05-25,v2026_05_25_best_guess,True,Placeholder default. Replace with economy-specific researcher data when available.
Demand\Passenger road\Buses,Vehicle Equivalent Weight,Reference,Viet Nam,,Vehicle equivalent,,12.0,,,,provided,standardized,Vehicle equivalent weight from apec_vehicle_equivalent_weights.csv (bus).,apec_vehicle_equivalent_weights,apec_vehicle_equivalent_weights.csv,bus,2026,v2026_05_25_best_guess,False,
Demand\Passenger road\Buses\BEV,Sales Share,Reference,Viet Nam,%,Share,,10.0,81.86698709448896,81.58054023430678,72.02643858317232,default,standardized,Transport LEAP export value overlay applied from Viet Nam / Target.,transport_leap_export_default,transport_leap_export_combined_ALL_ECONS_domestic_international_Target_20260526.xlsx,exact_region_match,2026-05-25,v2026_05_25_best_guess,True,Placeholder default. Replace with economy-specific researcher data when available.
Demand\Passenger road\Buses\BEV,Stock,Reference,Viet Nam,,Device,,74844.0,,,,default,standardized,,default_best_guess,APERC placeholder road defaults,all_apec_economies_until_researcher_update,2026-05-25,v2026_05_25_best_guess,True,Placeholder default. Replace with economy-specific researcher data when available.
Demand\Passenger road\Buses\BEV\Electricity,Fuel Economy,Reference,Viet Nam,,MJ/100 km,,487.9512129437866,414.8745541410214,401.379911119825,392.9383287266726,default,standardized,Transport LEAP export value overlay applied from Viet Nam / Target.,transport_leap_export_default,transport_leap_export_combined_ALL_ECONS_domestic_international_Target_20260526.xlsx,exact_region_match,2026-05-25,v2026_05_25_best_guess,True,Placeholder default. Replace with economy-specific researcher data when available.
Demand\Passenger road\Buses\FCEV,Sales Share,Reference,Viet Nam,%,Share,,5.0,0.0,0.0,0.0,default,standardized,Transport LEAP export value overlay applied from Viet Nam / Target.,transport_leap_export_default,transport_leap_export_combined_ALL_ECONS_domestic_international_Target_20260526.xlsx,exact_region_match,2026-05-25,v2026_05_25_best_guess,True,Placeholder default. Replace with economy-specific researcher data when available.
Demand\Passenger road\Buses\FCEV,Stock,Reference,Viet Nam,,Device,,8316.0,,,,default,standardized,,default_best_guess,APERC placeholder road defaults,all_apec_economies_until_researcher_update,2026-05-25,v2026_05_25_best_guess,True,Placeholder default. Replace with economy-specific researcher data when available.
Demand\Passenger road\Buses\FCEV\Hydrogen,Fuel Economy,Reference,Viet Nam,,MJ/100 km,,747.5758279929628,747.5758279929628,747.5758279929628,747.5758279929628,default,standardized,Transport LEAP export value overlay applied from Viet Nam / Target.,transport_leap_export_default,transport_leap_export_combined_ALL_ECONS_domestic_international_Target_20260526.xlsx,exact_region_match,2026-05-25,v2026_05_25_best_guess,True,Placeholder default. Replace with economy-specific researcher data when available.
Demand\Passenger road\Buses\ICE,Sales Share,Reference,Viet Nam,%,Share,,75.0,18.13301290551103,18.41945976569322,27.97356141682768,default,standardized,Transport LEAP export value overlay applied from Viet Nam / Target.,transport_leap_export_default,transport_leap_export_combined_ALL_ECONS_domestic_international_Target_20260526.xlsx,exact_region_match,2026-05-25,v2026_05_25_best_guess,True,Placeholder default. Replace with economy-specific researcher data when available.
Demand\Passenger road\Buses\ICE,Stock,Reference,Viet Nam,,Device,,740124.0,,,,default,standardized,,default_best_guess,APERC placeholder road defaults,all_apec_economies_until_researcher_update,2026-05-25,v2026_05_25_best_guess,True,Placeholder default. Replace with economy-specific researcher data when available.
Demand\Passenger road\Buses\ICE\Gas and diesel oil,Fuel Economy,Reference,Viet Nam,,MJ/100 km,,1274.358920423032,1251.26790921464,1301.546233617893,1412.830011817151,default,standardized,Transport LEAP export value overlay applied from Viet Nam / Target.,transport_leap_export_default,transport_leap_export_combined_ALL_ECONS_domestic_international_Target_20260526.xlsx,exact_region_match,2026-05-25,v2026_05_25_best_guess,True,Placeholder default. Replace with economy-specific researcher data when available.
Demand\Passenger road\Buses\ICE\LPG,Fuel Economy,Reference,Viet Nam,,MJ/100 km,,650.3010805151118,650.3010805151118,650.3010805151118,650.3010805151118,default,standardized,Transport LEAP export value overlay applied from Viet Nam / Target.,transport_leap_export_default,transport_leap_export_combined_ALL_ECONS_domestic_international_Target_20260526.xlsx,exact_region_match,2026-05-25,v2026_05_25_best_guess,True,Placeholder default. Replace with economy-specific researcher data when available.
Demand\Passenger road\Buses\ICE\Motor gasoline,Fuel Economy,Reference,Viet Nam,,MJ/100 km,,1042.641964031984,1023.749508131212,1064.886114286556,1155.935632290304,default,standardized,Transport LEAP export value overlay applied from Viet Nam / Target.,transport_leap_export_default,transport_leap_export_combined_ALL_ECONS_domestic_international_Target_20260526.xlsx,exact_region_match,2026-05-25,v2026_05_25_best_guess,True,Placeholder default. Replace with economy-specific researcher data when available.
Demand\Passenger road\Buses\ICE\Natural gas,Fuel Economy,Reference,Viet Nam,,MJ/100 km,,1421.513988740806,1395.632852223374,1451.705966781785,1575.933206656586,default,standardized,Transport LEAP export value overlay applied from Viet Nam / Target.,transport_leap_export_default,transport_leap_export_combined_ALL_ECONS_domestic_international_Target_20260526.xlsx,exact_region_match,2026-05-25,v2026_05_25_best_guess,True,Placeholder default. Replace with economy-specific researcher data when available.
Demand\Passenger road\Buses\PHEV,Fuel Economy,Reference,Viet Nam,,MJ/100 km,,150.0,142.94939914,134.6003466,126.73892589,default,standardized,,default_best_guess,APERC placeholder road defaults,all_apec_economies_until_researcher_update,2026-05-25,v2026_05_25_best_guess,True,Placeholder default. Replace with economy-specific researcher data when available.
Demand\Passenger road\Buses\PHEV,Sales Share,Reference,Viet Nam,%,Share,,8.0,0.0,0.0,0.0,default,standardized,Transport LEAP export value overlay applied from Viet Nam / Target.,transport_leap_export_default,transport_leap_export_combined_ALL_ECONS_domestic_international_Target_20260526.xlsx,exact_region_match,2026-05-25,v2026_05_25_best_guess,True,Placeholder default. Replace with economy-specific researcher data when available.
Demand\Passenger road\Buses\PHEV,Stock,Reference,Viet Nam,,Device,,0.0,,,,default,standardized,,default_best_guess,APERC placeholder road defaults,all_apec_economies_until_researcher_update,2026-05-25,v2026_05_25_best_guess,True,Placeholder default. Replace with economy-specific researcher data when available.
Demand\Passenger road\LPVs\BEV large,Sales Share,Reference,Viet Nam,%,Share,,4.0,2.271399544630754,2.335996996906144,1.991288487663375,default,standardized,Transport LEAP export value overlay applied from Viet Nam / Target.,transport_leap_export_default,transport_leap_export_combined_ALL_ECONS_domestic_international_Target_20260526.xlsx,exact_region_match,2026-05-25,v2026_05_25_best_guess,True,Placeholder default. Replace with economy-specific researcher data when available.
Demand\Passenger road\LPVs\BEV large,Stock,Reference,Viet Nam,,Device,,332640.0,,,,default,standardized,,default_best_guess,APERC placeholder road defaults,all_apec_economies_until_researcher_update,2026-05-25,v2026_05_25_best_guess,True,Placeholder default. Replace with economy-specific researcher data when available.
Demand\Passenger road\LPVs\BEV large\Electricity,Fuel Economy,Reference,Viet Nam,,MJ/100 km,,192.2743558066304,162.6652999306203,157.8830685275194,154.6794981957042,default,standardized,Transport LEAP export value overlay applied from Viet Nam / Target.,transport_leap_export_default,transport_leap_export_combined_ALL_ECONS_domestic_international_Target_20260526.xlsx,exact_region_match,2026-05-25,v2026_05_25_best_guess,True,Placeholder default. Replace with economy-specific researcher data when available.
Demand\Passenger road\LPVs\BEV medium,Sales Share,Reference,Viet Nam,%,Share,,7.0,6.28470730536745,6.458258008642249,5.497429696983138,default,standardized,Transport LEAP export value overlay applied from Viet Nam / Target.,transport_leap_export_default,transport_leap_export_combined_ALL_ECONS_domestic_international_Target_20260526.xlsx,exact_region_match,2026-05-25,v2026_05_25_best_guess,True,Placeholder default. Replace with economy-specific researcher data when available.
Demand\Passenger road\LPVs\BEV medium,Stock,Reference,Viet Nam,,Device,,1804572.0,,,,default,standardized,,default_best_guess,APERC placeholder road defaults,all_apec_economies_until_researcher_update,2026-05-25,v2026_05_25_best_guess,True,Placeholder default. Replace with economy-specific researcher data when available.
Demand\Passenger road\LPVs\BEV medium\Electricity,Fuel Economy,Reference,Viet Nam,,MJ/100 km,,139.0188960394274,117.9064932809293,114.2536381856672,111.8931288627719,default,standardized,Transport LEAP export value overlay applied from Viet Nam / Target.,transport_leap_export_default,transport_leap_export_combined_ALL_ECONS_domestic_international_Target_20260526.xlsx,exact_region_match,2026-05-25,v2026_05_25_best_guess,True,Placeholder default. Replace with economy-specific researcher data when available.
Demand\Passenger road\LPVs\FCEV large,Sales Share,Reference,Viet Nam,%,Share,,0.0,,,,default,standardized,,default_best_guess,APERC placeholder road defaults,all_apec_economies_until_researcher_update,2026-05-25,v2026_05_25_best_guess,True,Placeholder default. Replace with economy-specific researcher data when available.
Demand\Passenger road\LPVs\FCEV large,Stock,Reference,Viet Nam,,Device,,0.0,,,,default,standardized,,default_best_guess,APERC placeholder road defaults,all_apec_economies_until_researcher_update,2026-05-25,v2026_05_25_best_guess,True,Placeholder default. Replace with economy-specific researcher data when available.
Demand\Passenger road\LPVs\FCEV large\Hydrogen,Fuel Economy,Reference,Viet Nam,,MJ/100 km,,110.0,104.82955937,98.70692084,92.94187899,default,standardized,,default_best_guess,APERC placeholder road defaults,all_apec_economies_until_researcher_update,2026-05-25,v2026_05_25_best_guess,True,Placeholder default. Replace with economy-specific researcher data when available.
Demand\Passenger road\LPVs\FCEV medium,Sales Share,Reference,Viet Nam,%,Share,,0.0,,,,default,standardized,,default_best_guess,APERC placeholder road defaults,all_apec_economies_until_researcher_update,2026-05-25,v2026_05_25_best_guess,True,Placeholder default. Replace with economy-specific researcher data when available.
Demand\Passenger road\LPVs\FCEV medium,Stock,Reference,Viet Nam,,Device,,0.0,,,,default,standardized,,default_best_guess,APERC placeholder road defaults,all_apec_economies_until_researcher_update,2026-05-25,v2026_05_25_best_guess,True,Placeholder default. Replace with economy-specific researcher data when available.
Demand\Passenger road\LPVs\FCEV medium\Hydrogen,Fuel Economy,Reference,Viet Nam,,MJ/100 km,,110.0,104.82955937,98.70692084,92.94187899,default,standardized,,default_best_guess,APERC placeholder road defaults,all_apec_economies_until_researcher_update,2026-05-25,v2026_05_25_best_guess,True,Placeholder default. Replace with economy-specific researcher data when available.
Demand\Passenger road\LPVs\HEV large,Sales Share,Reference,Viet Nam,%,Share,,2.0,0.0,0.0,0.0,default,standardized,Transport LEAP export value overlay applied from Viet Nam / Target.,transport_leap_export_default,transport_leap_export_combined_ALL_ECONS_domestic_international_Target_20260526.xlsx,exact_region_match,2026-05-25,v2026_05_25_best_guess,True,Placeholder default. Replace with economy-specific researcher data when available.
Demand\Passenger road\LPVs\HEV large,Stock,Reference,Viet Nam,,Device,,498960.0,,,,default,standardized,,default_best_guess,APERC placeholder road defaults,all_apec_economies_until_researcher_update,2026-05-25,v2026_05_25_best_guess,True,Placeholder default. Replace with economy-specific researcher data when available.
Demand\Passenger road\LPVs\HEV large\Motor gasoline,Fuel Economy,Reference,Viet Nam,,MJ/100 km,,435.2295536592067,435.2295536592067,435.2295536592067,435.2295536592067,default,standardized,Transport LEAP export value overlay applied from Viet Nam / Target.,transport_leap_export_default,transport_leap_export_combined_ALL_ECONS_domestic_international_Target_20260526.xlsx,exact_region_match,2026-05-25,v2026_05_25_best_guess,True,Placeholder default. Replace with economy-specific researcher data when available.
Demand\Passenger road\LPVs\HEV medium,Sales Share,Reference,Viet Nam,%,Share,,6.0,0.0,0.0,0.0,default,standardized,Transport LEAP export value overlay applied from Viet Nam / Target.,transport_leap_export_default,transport_leap_export_combined_ALL_ECONS_domestic_international_Target_20260526.xlsx,exact_region_match,2026-05-25,v2026_05_25_best_guess,True,Placeholder default. Replace with economy-specific researcher data when available.
Demand\Passenger road\LPVs\HEV medium,Stock,Reference,Viet Nam,,Device,,3093552.0,,,,default,standardized,,default_best_guess,APERC placeholder road defaults,all_apec_economies_until_researcher_update,2026-05-25,v2026_05_25_best_guess,True,Placeholder default. Replace with economy-specific researcher data when available.
Demand\Passenger road\LPVs\HEV medium\Motor gasoline,Fuel Economy,Reference,Viet Nam,,MJ/100 km,,305.8309774155743,305.8309774155743,305.8309774155743,305.8309774155743,default,standardized,Transport LEAP export value overlay applied from Viet Nam / Target.,transport_leap_export_default,transport_leap_export_combined_ALL_ECONS_domestic_international_Target_20260526.xlsx,exact_region_match,2026-05-25,v2026_05_25_best_guess,True,Placeholder default. Replace with economy-specific researcher data when available.
Demand\Passenger road\LPVs\ICE large,Sales Share,Reference,Viet Nam,%,Share,,10.0,0.4955931398834727,0.4980731597338183,0.6820392499984889,default,standardized,Transport LEAP export value overlay applied from Viet Nam / Target.,transport_leap_export_default,transport_leap_export_combined_ALL_ECONS_domestic_international_Target_20260526.xlsx,exact_region_match,2026-05-25,v2026_05_25_best_guess,True,Placeholder default. Replace with economy-specific researcher data when available.
Demand\Passenger road\LPVs\ICE large,Stock,Reference,Viet Nam,,Device,,7401240.0,,,,default,standardized,,default_best_guess,APERC placeholder road defaults,all_apec_economies_until_researcher_update,2026-05-25,v2026_05_25_best_guess,True,Placeholder default. Replace with economy-specific researcher data when available.
Demand\Passenger road\LPVs\ICE large\Gas and diesel oil,Fuel Economy,Reference,Viet Nam,,MJ/100 km,,502.4581035298816,493.9917033286247,516.0820406360234,559.5931941294724,default,standardized,Transport LEAP export value overlay applied from Viet Nam / Target.,transport_leap_export_default,transport_leap_export_combined_ALL_ECONS_domestic_international_Target_20260526.xlsx,exact_region_match,2026-05-25,v2026_05_25_best_guess,True,Placeholder default. Replace with economy-specific researcher data when available.
Demand\Passenger road\LPVs\ICE large\LPG,Fuel Economy,Reference,Viet Nam,,MJ/100 km,,253.686339831307,253.686339831307,253.686339831307,253.686339831307,default,standardized,Transport LEAP export value overlay applied from Viet Nam / Target.,transport_leap_export_default,transport_leap_export_combined_ALL_ECONS_domestic_international_Target_20260526.xlsx,exact_region_match,2026-05-25,v2026_05_25_best_guess,True,Placeholder default. Replace with economy-specific researcher data when available.
Demand\Passenger road\LPVs\ICE large\Motor gasoline,Fuel Economy,Reference,Viet Nam,,MJ/100 km,,412.1991357742422,405.2528778903983,423.3748503337571,459.0704803623724,default,standardized,Transport LEAP export value overlay applied from Viet Nam / Target.,transport_leap_export_default,transport_leap_export_combined_ALL_ECONS_domestic_international_Target_20260526.xlsx,exact_region_match,2026-05-25,v2026_05_25_best_guess,True,Placeholder default. Replace with economy-specific researcher data when available.
Demand\Passenger road\LPVs\ICE large\Natural gas,Fuel Economy,Reference,Viet Nam,,MJ/100 km,,560.1242212748143,550.6989718647607,575.3288724284814,623.8252783492185,default,standardized,Transport LEAP export value overlay applied from Viet Nam / Target.,transport_leap_export_default,transport_leap_export_combined_ALL_ECONS_domestic_international_Target_20260526.xlsx,exact_region_match,2026-05-25,v2026_05_25_best_guess,True,Placeholder default. Replace with economy-specific researcher data when available.
Demand\Passenger road\LPVs\ICE medium,Sales Share,Reference,Viet Nam,%,Share,,18.0,2.64668553172903,8.302194544303486,12.50243052029588,default,standardized,Transport LEAP export value overlay applied from Viet Nam / Target.,transport_leap_export_default,transport_leap_export_combined_ALL_ECONS_domestic_international_Target_20260526.xlsx,exact_region_match,2026-05-25,v2026_05_25_best_guess,True,Placeholder default. Replace with economy-specific researcher data when available.
Demand\Passenger road\LPVs\ICE medium,Stock,Reference,Viet Nam,,Device,,20365884.0,,,,default,standardized,,default_best_guess,APERC placeholder road defaults,all_apec_economies_until_researcher_update,2026-05-25,v2026_05_25_best_guess,True,Placeholder default. Replace with economy-specific researcher data when available.
Demand\Passenger road\LPVs\ICE medium\Gas and diesel oil,Fuel Economy,Reference,Viet Nam,,MJ/100 km,,338.2526611072783,332.5818341329681,347.9188583506785,377.1427382724699,default,standardized,Transport LEAP export value overlay applied from Viet Nam / Target.,transport_leap_export_default,transport_leap_export_combined_ALL_ECONS_domestic_international_Target_20260526.xlsx,exact_region_match,2026-05-25,v2026_05_25_best_guess,True,Placeholder default. Replace with economy-specific researcher data when available.
Demand\Passenger road\LPVs\ICE medium\LPG,Fuel Economy,Reference,Viet Nam,,MJ/100 km,,183.4508655804908,183.4508655804908,183.4508655804908,183.4508655804908,default,standardized,Transport LEAP export value overlay applied from Viet Nam / Target.,transport_leap_export_default,transport_leap_export_combined_ALL_ECONS_domestic_international_Target_20260526.xlsx,exact_region_match,2026-05-25,v2026_05_25_best_guess,True,Placeholder default. Replace with economy-specific researcher data when available.
Demand\Passenger road\LPVs\ICE medium\Motor gasoline,Fuel Economy,Reference,Viet Nam,,MJ/100 km,,289.3966086110407,284.5634989864404,297.6879697096151,322.674585626447,default,standardized,Transport LEAP export value overlay applied from Viet Nam / Target.,transport_leap_export_default,transport_leap_export_combined_ALL_ECONS_domestic_international_Target_20260526.xlsx,exact_region_match,2026-05-25,v2026_05_25_best_guess,True,Placeholder default. Replace with economy-specific researcher data when available.
Demand\Passenger road\LPVs\ICE medium\Natural gas,Fuel Economy,Reference,Viet Nam,,MJ/100 km,,405.1402994719198,398.3480137635721,416.7178510956886,451.7206752381767,default,standardized,Transport LEAP export value overlay applied from Viet Nam / Target.,transport_leap_export_default,transport_leap_export_combined_ALL_ECONS_domestic_international_Target_20260526.xlsx,exact_region_match,2026-05-25,v2026_05_25_best_guess,True,Placeholder default. Replace with economy-specific researcher data when available.
Demand\Passenger road\LPVs\PHEV large,Fuel Economy,Reference,Viet Nam,,MJ/100 km,,150.0,142.94939914,134.6003466,126.73892589,default,standardized,,default_best_guess,APERC placeholder road defaults,all_apec_economies_until_researcher_update,2026-05-25,v2026_05_25_best_guess,True,Placeholder default. Replace with economy-specific researcher data when available.
Demand\Passenger road\LPVs\PHEV large,Sales Share,Reference,Viet Nam,%,Share,,3.0,0.1858725444483485,0.02417962650065231,0.0818177715804224,default,standardized,Transport LEAP export value overlay applied from Viet Nam / Target.,transport_leap_export_default,transport_leap_export_combined_ALL_ECONS_domestic_international_Target_20260526.xlsx,exact_region_match,2026-05-25,v2026_05_25_best_guess,True,Placeholder default. Replace with economy-specific researcher data when available.
Demand\Passenger road\LPVs\PHEV large,Stock,Reference,Viet Nam,,Device,,83160.0,,,,default,standardized,,default_best_guess,APERC placeholder road defaults,all_apec_economies_until_researcher_update,2026-05-25,v2026_05_25_best_guess,True,Placeholder default. Replace with economy-specific researcher data when available.
Demand\Passenger road\LPVs\PHEV medium,Fuel Economy,Reference,Viet Nam,,MJ/100 km,,150.0,142.94939914,134.6003466,126.73892589,default,standardized,,default_best_guess,APERC placeholder road defaults,all_apec_economies_until_researcher_update,2026-05-25,v2026_05_25_best_guess,True,Placeholder default. Replace with economy-specific researcher data when available.
Demand\Passenger road\LPVs\PHEV medium,Sales Share,Reference,Viet Nam,%,Share,,4.0,0.6663667376793513,0.08429157700440913,0.2928041089651881,default,standardized,Transport LEAP export value overlay applied from Viet Nam / Target.,transport_leap_export_default,transport_leap_export_combined_ALL_ECONS_domestic_international_Target_20260526.xlsx,exact_region_match,2026-05-25,v2026_05_25_best_guess,True,Placeholder default. Replace with economy-specific researcher data when available.
Demand\Passenger road\LPVs\PHEV medium,Stock,Reference,Viet Nam,,Device,,515592.0,,,,default,standardized,,default_best_guess,APERC placeholder road defaults,all_apec_economies_until_researcher_update,2026-05-25,v2026_05_25_best_guess,True,Placeholder default. Replace with economy-specific researcher data when available.
Demand\Passenger road\LPVs\Passenger cars,Mileage,Reference,Viet Nam,,Kilometer,,12500.0,12301.39441398,12057.56900859,11818.57645599,default,standardized,,default_best_guess,APERC placeholder road defaults,all_apec_economies_until_researcher_update,2026-05-25,v2026_05_25_best_guess,True,Placeholder default. Replace with economy-specific researcher data when available.
Demand\Passenger road\LPVs\Passenger cars,Vehicle Equivalent Weight,Reference,Viet Nam,,Vehicle equivalent,,1.0,,,,provided,standardized,Vehicle equivalent weight from apec_vehicle_equivalent_weights.csv (passenger_car).,apec_vehicle_equivalent_weights,apec_vehicle_equivalent_weights.csv,passenger_car,2026,v2026_05_25_best_guess,False,
Demand\Passenger road\LPVs\SUV and light trucks,Mileage,Reference,Viet Nam,,Kilometer,,13500.0,13285.5059671,13022.17452927,12764.06257247,default,standardized,,default_best_guess,APERC placeholder road defaults,all_apec_economies_until_researcher_update,2026-05-25,v2026_05_25_best_guess,True,Placeholder default. Replace with economy-specific researcher data when available.
Demand\Passenger road\LPVs\SUV and light trucks,Vehicle Equivalent Weight,Reference,Viet Nam,,Vehicle equivalent,,1.35,,,,provided,standardized,Vehicle equivalent weight from apec_vehicle_equivalent_weights.csv (suv_light_truck).,apec_vehicle_equivalent_weights,apec_vehicle_equivalent_weights.csv,suv_light_truck,2026,v2026_05_25_best_guess,False,
Demand\Passenger road\Motorcycles,Mileage,Reference,Viet Nam,,Kilometer,,7000.0,6888.78087183,6752.23864481,6618.40281535,default,standardized,,default_best_guess,APERC placeholder road defaults,all_apec_economies_until_researcher_update,2026-05-25,v2026_05_25_best_guess,True,Placeholder default. Replace with economy-specific researcher data when available.
Demand\Passenger road\Motorcycles,Vehicle Equivalent Weight,Reference,Viet Nam,,Vehicle equivalent,,0.25,,,,provided,standardized,Vehicle equivalent weight from apec_vehicle_equivalent_weights.csv (motorcycle).,apec_vehicle_equivalent_weights,apec_vehicle_equivalent_weights.csv,motorcycle,2026,v2026_05_25_best_guess,False,
Demand\Passenger road\Motorcycles\BEV,Sales Share,Reference,Viet Nam,%,Share,,20.0,94.29106955508524,98.48890034358023,100.0,default,standardized,Transport LEAP export value overlay applied from Viet Nam / Target.,transport_leap_export_default,transport_leap_export_combined_ALL_ECONS_domestic_international_Target_20260526.xlsx,exact_region_match,2026-05-25,v2026_05_25_best_guess,True,Placeholder default. Replace with economy-specific researcher data when available.
Demand\Passenger road\Motorcycles\BEV,Stock,Reference,Viet Nam,,Device,,465696.0,,,,default,standardized,,default_best_guess,APERC placeholder road defaults,all_apec_economies_until_researcher_update,2026-05-25,v2026_05_25_best_guess,True,Placeholder default. Replace with economy-specific researcher data when available.
Demand\Passenger road\Motorcycles\BEV\Electricity,Fuel Economy,Reference,Viet Nam,,MJ/100 km,,59.68692669833981,50.86250671192172,50.51493019535611,50.15654546921926,default,standardized,Transport LEAP export value overlay applied from Viet Nam / Target.,transport_leap_export_default,transport_leap_export_combined_ALL_ECONS_domestic_international_Target_20260526.xlsx,exact_region_match,2026-05-25,v2026_05_25_best_guess,True,Placeholder default. Replace with economy-specific researcher data when available.
Demand\Passenger road\Motorcycles\ICE,Sales Share,Reference,Viet Nam,%,Share,,80.0,5.708930444914751,1.511099656419772,0.0,default,standardized,Transport LEAP export value overlay applied from Viet Nam / Target.,transport_leap_export_default,transport_leap_export_combined_ALL_ECONS_domestic_international_Target_20260526.xlsx,exact_region_match,2026-05-25,v2026_05_25_best_guess,True,Placeholder default. Replace with economy-specific researcher data when available.
Demand\Passenger road\Motorcycles\ICE,Stock,Reference,Viet Nam,,Device,,6187104.0,,,,default,standardized,,default_best_guess,APERC placeholder road defaults,all_apec_economies_until_researcher_update,2026-05-25,v2026_05_25_best_guess,True,Placeholder default. Replace with economy-specific researcher data when available.
Demand\Passenger road\Motorcycles\ICE\Gas and diesel oil,Fuel Economy,Reference,Viet Nam,,MJ/100 km,,112.8361912299064,112.8361912299064,112.8361912299064,112.8361912299064,default,standardized,Transport LEAP export value overlay applied from Viet Nam / Target.,transport_leap_export_default,transport_leap_export_combined_ALL_ECONS_domestic_international_Target_20260526.xlsx,exact_region_match,2026-05-25,v2026_05_25_best_guess,True,Placeholder default. Replace with economy-specific researcher data when available.
Demand\Passenger road\Motorcycles\ICE\LPG,Fuel Economy,Reference,Viet Nam,,MJ/100 km,,280.0,266.8388784,251.25398032,236.57932834,default,standardized,,default_best_guess,APERC placeholder road defaults,all_apec_economies_until_researcher_update,2026-05-25,v2026_05_25_best_guess,True,Placeholder default. Replace with economy-specific researcher data when available.
Demand\Passenger road\Motorcycles\ICE\Motor gasoline,Fuel Economy,Reference,Viet Nam,,MJ/100 km,,129.3382537382616,133.7409335794589,147.2849655908628,162.8570154814591,default,standardized,Transport LEAP export value overlay applied from Viet Nam / Target.,transport_leap_export_default,transport_leap_export_combined_ALL_ECONS_domestic_international_Target_20260526.xlsx,exact_region_match,2026-05-25,v2026_05_25_best_guess,True,Placeholder default. Replace with economy-specific researcher data when available.
Demand\Passenger road\Motorcycles\ICE\Natural gas,Fuel Economy,Reference,Viet Nam,,MJ/100 km,,260.0,247.77895851,233.30726744,219.68080488,default,standardized,,default_best_guess,APERC placeholder road defaults,all_apec_economies_until_researcher_update,2026-05-25,v2026_05_25_best_guess,True,Placeholder default. Replace with economy-specific researcher data when available.
Demand\Passenger road\PHEV,PHEV Electric Driving Share,Reference,Viet Nam,%,Share,,0.37,,,,provided,standardized,PHEV utilisation rate from apec_phev_utilisation_rates.csv; source data_year 2025; evidence_grade C; range 0.26-0.5; synthetic_estimate. Future-year changes are handled by LEAP adjustment variables.,apec_phev_utilisation_rates,apec_phev_utilisation_rates.csv,21VN,2025,v2026_05_25_best_guess,False,
